country,founded,id,industry,linkedin_url,locality,name,region,size,website
brazil,2016,h6DenyVP5RB58goFk9upCw94YmKC,information technology and services,linkedin.com/company/petacorp,brasília,petacorp,federal district,11-50,petacorp.com.br
brazil,2016,0jXvCjxJK0Sw9DEo8hNitQhV82Sd,information technology and services,linkedin.com/company/sitex-tec-ltda,belo horizonte,sitex tec ltda,minas gerais,1-10,
brazil,2019,UQzGwglXpwixBnBW7oj6Gwp3zXYc,information technology and services,linkedin.com/company/innocloud,carangola,innocloud,minas gerais,1-10,innocloud.com.br
brazil,2020,ZnlRSAjX2Cxi7FOVTRb4bwlJaUx4,information technology and services,linkedin.com/company/zapci,,zapci,são paulo,1-10,zapci.com.br
brazil,2021,cmltBJsjIkOWkPVBRBOwBQzlvoAv,information technology and services,linkedin.com/company/psan-solutions,fortaleza,psan solutions,ceará,1-10,
brazil,2021,HVSnIHcDqW3FtbuLUwLRRAVwXIkl,information technology and services,linkedin.com/company/dash4all,fortaleza,dash4all data analytics,ceará,1-10,dash4all.com.br
brazil,2015,0FBq89E2wclCBFWfiqFd6AXxHM0m,information technology and services,linkedin.com/company/pmx-automacao,belo horizonte,pmx automação,minas gerais,11-50,pmxautomacao.com.br
brazil,2015,ZrFP1dIovl8Vz8Hv17qRjwxDI5xu,information technology and services,linkedin.com/company/vulcânica,governador valadares,vulcânica,minas gerais,1-10,vulcanica.com.br
brazil,,0kfpIJs3HWc6yRb0zmxhqwLv77hg,information technology and services,linkedin.com/company/nko-informática,quilombo,nko informática,santa catarina,1-10,nkoinformatica.com.br
brazil,2009,4gIYBX0stb4ONPNB9HUuDQxobCO9,information technology and services,linkedin.com/company/mgniers,brasília,mgniers,federal district,11-50,mgniers.com
brazil,2016,kk1LYEKXudkQEV0KBK43TQNzVaxQ,information technology and services,linkedin.com/company/populos,barueri,populos,são paulo,51-200,populos.com.br
brazil,2004,HOgr5liUlGGabQFOzegXuQivApnP,information technology and services,linkedin.com/company/dotcom-solutions,barra da tijuca,dotcom solutions,rio de janeiro,1-10,
brazil,1987,SwUejXhGS7EMZlNshoJzIgucsIIy,information technology and services,linkedin.com/company/objetiva-digital,joinvile,objetiva digital,santa catarina,1-10,objetiva.digital
brazil,1994,O76GYUrAm42J8cFaWEuKAQTkFFPZ,information technology and services,linkedin.com/company/basepro-inform-tica,campo grande,basepro informática,mato grosso do sul,11-50,basepro.com.br
brazil,2019,dgjTjyRcUikYGbL1Qa2j5wTEjZ2g,information technology and services,linkedin.com/company/tecmati,antigo pôrto cunha bueno,tecma ti,são paulo,1-10,tecmati.com.br
brazil,,OvyrEu6BhQUOyGyIpBWlEwd0jbbp,information technology and services,linkedin.com/company/conta-justa,americana,mybuilding,são paulo,11-50,contajusta.com.br
brazil,2014,xmUVKy3K6lxejiAYk280Bw54na1G,information technology and services,linkedin.com/company/skills-brasil,tôrre,skills brasil,piauí,11-50,skillsbrasil.com.br
brazil,2003,tQ0vk5pmCUCsAkFcCnYMDwP5Q6Oy,information technology and services,linkedin.com/company/smarter-tech-soluções-inteligentes-ltda,bairro dos remédios,smarter tech soluções inteligentes,são paulo,1-10,smartertech.com.br
brazil,2011,Q2OSBtm4EBMQOphBUVU4Fg8FmKEc,information technology and services,linkedin.com/company/tinnovatech,são josé dos campos,tinnova,são paulo,51-200,tinnova.com.br
brazil,1994,rl7ueixxMPySxALCGDBe8wmLFIDT,information technology and services,linkedin.com/company/winsys-solutions,sao paulo,winsys solutions,são paulo,51-200,winsys.com.br
brazil,2018,BeMMBofJBsy1uXgwmnV6oQCKFmFO,information technology and services,linkedin.com/company/grupo-iconne,sao paulo,grupo iconne,são paulo,1-10,grupoiconne.net
brazil,,iN4Tvpap5STfcsCCeLK8cgHK3Czg,information technology and services,linkedin.com/company/somaq,goiania,somaq,goiás,1-10,somaqgo.com.br
brazil,2019,iPGMCf04JUCG7lzIxVYDygHFRKlS,information technology and services,linkedin.com/company/tc2code,flores da cunha,tc2code soluções,rio grande do sul,1-10,tc2code.com.br
brazil,,iMfmBBwQjuuKoYiwjXADJwR2sUpg,information technology and services,linkedin.com/company/dsg-tecnologia,criciúma,dsg technology,santa catarina,11-50,
brazil,2023,9YBzpSfibBLjRogyWvCCTwuFdGrr,information technology and services,linkedin.com/company/pab-partners,salvador,pab & partners | gestión de arquitectura e ingeniera,bahia,1-10,
brazil,,n5hmhgj6Td6EUbJzTLBJqw8RObDy,information technology and services,linkedin.com/company/slt-labs,sorocaba,slt labs,são paulo,11-50,sltlabs.com.br
brazil,,oDMc02Qog2WgqTJGkkclPgbUzi5P,information technology and services,linkedin.com/company/sistemas-e-apps,são joaquim da barra,sistemas e apps,são paulo,1-10,sistemaseapps.com.br
brazil,2016,61IbtBbxDfUx3WnLSv5ffwD5gzkN,information technology and services,linkedin.com/company/adroit-robotics,sao paulo,adroit robotics,são paulo,11-50,adroitrobotics.com
brazil,,IsRVnYLoAEESCqZ3SQgfMgHbFoFa,information technology and services,linkedin.com/company/tecnoimports,poços de caldas,tecnoimports,minas gerais,11-50,tecnoimports.com.br
brazil,,H5FEHSTwlStglf1i8YLlKw04vfYN,information technology and services,linkedin.com/company/bola-lanches-fonte,centro,bola lanches fonte,maranhão,1-10,bolalanchesfonte.com.br
brazil,,S8O5Js1XBneXpHNT23BsKgb4L5gt,information technology and services,linkedin.com/company/zts-informática,brasília,zts informática,rio grande do norte,1-10,zts.net.br
brazil,2013,Wu3TBnQWkJWkFShg8WRnVgLE73Hc,information technology and services,linkedin.com/company/embrav,várzea alegre,embrav soluções,ceará,1-10,embrav.com.br
brazil,2010,vAOkcTlTGVrNfSrIQB7g1Q5psU7q,information technology and services,linkedin.com/company/tomus,recife,tomus,pernambuco,51-200,tomus.com.br
brazil,2013,5wmupxACQjGl9dsddZ0L5Q7kYskO,information technology and services,linkedin.com/company/logicprotecnologia,manaus,logic pro soluções tecnológicas,amazonas,51-200,logicpro.com.br
brazil,2023,p0t627fYL9pUgBoRZqGGpQo4n799,information technology and services,linkedin.com/company/cf-engenhariacivil,,cf engenharia,são paulo,1-10,cfengenharia.com
brazil,2015,3woD3JBE6AQFmpwMaogrtg0aTDLm,information technology and services,linkedin.com/company/4-smartcom,brasília,smartcom df,federal district,1-10,smartcomdf.com.br
brazil,2021,24BqSPDagZ3cJw5BCl0KaAD5U3ud,information technology and services,linkedin.com/company/dunastech,natal,dunastech,rio grande do norte,1-10,dunastech.com.br
brazil,,DyUjdCEMRzpelicdXqJTCAtt79YB,information technology and services,linkedin.com/company/brumed-macapá,macapá,brumed_macapá,amapá,1-10,
brazil,2018,hHXIAxpICI4z1ieBO8LeqwxvsUpX,information technology and services,linkedin.com/company/hi-law,curitiba,hi-law,paraná,1-10,hi-law.com.br
brazil,2022,aVNoWg5NSBBAgAXfPPcY2gLRgvWe,information technology and services,linkedin.com/company/smartix-tech,joinvile,smartix.tech,santa catarina,1-10,smartix.tech
brazil,,wOjCWrv8USlpfxeU1NrjTwyrvlZE,information technology and services,linkedin.com/company/tech-cert-solucoes-em-certificacao-digital,belo horizonte,tech cert solucoes em certificacao digital,minas gerais,1-10,
brazil,,FBC2BtNnwonhalbHiJUsCgzRoNWP,information technology and services,linkedin.com/company/dragon-eye-technology,caxias do sul,dragon eye technology,rio grande do sul,1-10,dragoneyetechnology-rs.com
brazil,,BeFBVBfrsiCB2peg4ABZBAyYM4oA,information technology and services,linkedin.com/company/pwp-lab-sistemas-eletronicos,belo horizonte,pwp lab sistemas eletronicos,minas gerais,1-10,pwplab.com.br
brazil,2012,KMkUkYdOk5xZelHrUBVCiAjseGiG,information technology and services,linkedin.com/company/juxta-desenvolvimento,patos de minas,juxta sistemas,minas gerais,1-10,juxta.com.br
brazil,,jaDOrS40B52Ytt75AfMj7w4c5wBO,information technology and services,linkedin.com/company/hd-brasil-soluções,bauru,hd brasil soluções,são paulo,1-10,hdbrasilsolucoes.com.br
brazil,2013,uJ2hUMAxSVSUMYW3vLIJcQ4xyAIW,information technology and services,linkedin.com/company/ilia-digital,estrela do norte,ília,são paulo,501-1000,ilia.digital
brazil,2023,itZOCaxpOcYdMxPCan2baQSaT7FF,information technology and services,linkedin.com/company/lj-serviços-de-qualificação-validação-e-instrumentação-ltda,são bernardo do campo,"lj serviços de qualificação, validação e instrumentação ltda.",são paulo,1-10,
brazil,2004,MB5BIX7OIqiChaZNuLMekgPZfO4C,information technology and services,linkedin.com/company/controlrisk,ribeirao preto,control risk monitoramento,são paulo,11-50,controlrisc.com.br
brazil,2006,0q5nPi1TLTOhEifICyMvSQGhGrE5,information technology and services,linkedin.com/company/agencia2ll,palhoça,agência 2ll - marketing criativo,santa catarina,1-10,2ll.com.br
brazil,2015,yG3GFbV4fAd7gqMzkIMhHwO2qovm,information technology and services,linkedin.com/company/ti-e-negócio-soluções-inteligentes-em-tecnologia,,grupo tine,são paulo,11-50,grupotine.com
brazil,2016,SABVs4KuriBQnc5fpK7R0QrQs0D6,information technology and services,linkedin.com/company/arquivarsaolourenco,são lourenço,arquivar são lourenço,minas gerais,1-10,
brazil,,zVPBQB3FGRLChts5b2Vw0gmomElp,information technology and services,linkedin.com/company/netrip,barra velha,netrip,santa catarina,1-10,netrip.com.br
brazil,2017,3CVTxbnGlXpBZA6rct17qAmWqb9Y,information technology and services,linkedin.com/company/crmobi,,crmobi,são paulo,11-50,checkmobi.com.br
brazil,2017,GpIJvWMdFpuEB2tdPbMmEgY6JhTI,information technology and services,linkedin.com/company/pay4you,belo horizonte,pagped,minas gerais,11-50,pagped.com
brazil,2019,spNMH67PiG1RuLj0COYNuQOyCjwF,information technology and services,linkedin.com/company/mundolivredigital,sao paulo,mundo livre digital,são paulo,11-50,mundolivredigital.com.br
brazil,2004,gWVjmhLSBb7WCJxJBWgAnQhCQIyh,information technology and services,linkedin.com/company/img-brasil,belo horizonte,img brasil,minas gerais,11-50,imgbrasil.com
brazil,2019,Y9ACgAUeCqN9uafBZPxfEAksuIzE,information technology and services,linkedin.com/company/sangoit,mogi das cruzes,sango it solutions,são paulo,1-10,
brazil,2010,2BiY4lDGMC2Ktl7nwufaaAOBQxY4,information technology and services,linkedin.com/company/at2d-tecnologia-e-gestão-em-informatica,sumaré,at2d tecnologia e gestão em informática,são paulo,1-10,at2d.net.br
brazil,2017,t1EiKnJuqztmyo1C3yQHYQqXhbVF,information technology and services,linkedin.com/company/especialista-em-análises-de-processos,belo horizonte,especialista em análises de processos,minas gerais,1-10,
brazil,2011,zSKTvXqLZaGq1nMqv4TE8QNDMCjF,information technology and services,linkedin.com/company/smtimg,mariana,smti - soluções múltiplas em tecnologia da informação,minas gerais,1-10,
brazil,,Y1wRBj5EKBtTenzMmqPB7wVkVwlA,information technology and services,linkedin.com/company/projeto01,são josé dos campos,projeto01,são paulo,1-10,projeto01.com.br
brazil,2015,X2gTbkDP7acyxH1vjo3PEABs8Fwj,information technology and services,linkedin.com/company/ejecty-systems,jacutinga,ejecty,santa catarina,1-10,ejecty.com.br
brazil,2005,5MyZMMUBQx2CI8CwU28UKwDu3fZR,information technology and services,linkedin.com/company/global-red-tecnologia,brasília,global red tecnologia,federal district,11-50,globalred.com.br
brazil,2013,GCxBRGxgrdL4CbaPpRU8GgQDCpBp,information technology and services,linkedin.com/company/af-tecno,,af tecno,são paulo,1-10,aftecno.com.br
brazil,2014,LZtDb7I4RvUHZL2W6I917QGodhrw,information technology and services,linkedin.com/company/setconsultoria,centro,set consultoria,rio de janeiro,11-50,setconsultoriaerp.com.br
brazil,2017,sEeQRmnWK9ND9el2rpQD4gYj6pM2,information technology and services,linkedin.com/company/io-apps,blumenau,io apps,santa catarina,1-10,ioapps.com.br
brazil,,i8YwJepgJzflG8m9EMRTwQgP1k66,information technology and services,linkedin.com/company/onironautas,belo horizonte,onironautasweb.agency,minas gerais,1-10,onironautasweb.agency
brazil,1999,Xc81wUmQSDwCD8BxEYFUnweO3nI6,information technology and services,linkedin.com/company/nct-inform-tica,,nct informática,são paulo,51-200,nct.com.br
brazil,,cfZtf7Cr8KZ1R8gbEIkHZQifVMl9,information technology and services,linkedin.com/company/sinapse-informatica,rio de janeiro,sinapse informatica,rio de janeiro,1-10,
brazil,2018,DI2fYigDHOm16poY2P2CVQRlg25P,information technology and services,linkedin.com/company/engenhei,porto alegre,engenhei,rio grande do sul,1-10,instagram.com/engenhei.info
brazil,2018,IpBRq40Xs9LxlBoEcldXCw2Hjx0W,information technology and services,linkedin.com/company/grupo-psykhe,arapongas,grupo psykhelogos,paraná,1-10,appmeupsicologo.com
brazil,2004,vpLVs9qoyBT8IvoCufJjcAouMFWi,information technology and services,linkedin.com/company/arealocal,rio do sul,área local - agência digital,santa catarina,1-10,arealocal.com.br
brazil,,N64zRU2o82KVgBQOeE7f0wZeWQvN,information technology and services,linkedin.com/company/protagoniza,curitiba,protagoniza,paraná,1-10,fls.eng.br
brazil,2015,HFxnqitcdOOL85WDcyBJvg8aJiKP,information technology and services,linkedin.com/company/resalebr,piracicaba,resale,são paulo,11-50,resale.com.br
brazil,,XMT15M66B6HEnLExfHdmgAIrCkzl,information technology and services,linkedin.com/company/nova-via-tecnologia-e-mobilidade,fortaleza,nova via tecnologia e mobilidade,ceará,1-10,novavia.net.br
brazil,,CvgQQvYXvqDCCr89lCwJ2w9JOStY,information technology and services,linkedin.com/company/ifix-delivery,,ifix - delivery,são paulo,1-10,ifixdelivery.com.br
brazil,2020,GrH7ZmppABzEB0WGHgW28AOT1A6M,information technology and services,linkedin.com/company/joaohenriquepda,brasília,joão henrique,federal district,1-10,
brazil,,MwIxOPPD8bQ2OwoESCSBXABLfqvS,information technology and services,linkedin.com/company/world-connections-teleinformatica,sao paulo,world connections teleinformatica,são paulo,1-10,worldconnections.com.br
brazil,2020,F9JjE5NmAzklyM88TWHjIgFA2y2h,information technology and services,linkedin.com/company/metal-lab-engenharia,maringá,metal lab engenharia,paraná,1-10,
brazil,,03DjnLgzunOKJvd89A9npQTy5DzI,information technology and services,linkedin.com/company/implanti-solucoes,aracaju,implanti solucoes,sergipe,11-50,implanti.com.br
brazil,2018,0HeT0PxdFuuuCIwe27RRAAB5lMIH,information technology and services,linkedin.com/company/hensco,vitória,hensco soluções,espírito santo,1-10,hensco.com.br
brazil,2018,FgBLIY9nxe6fuC07HsauwgDEQhvA,information technology and services,linkedin.com/company/udikar,uberlândia,udikar,minas gerais,11-50,udikar.com.br
brazil,2020,djuULrSBtioNTQCv9ySrUAilWb5Z,information technology and services,linkedin.com/company/quanticpass,paulo,quanticpass,maranhão,1-10,quanticpass.com
brazil,,XveAwADMGkRnKdeCccTJxAd1mQXC,information technology and services,linkedin.com/company/assistência-técnica-em-impressora-hp-epson,campos dos goytacazes,assistência técnica em impressora hp epson,rio de janeiro,1-10,camposimpressora.com.br
brazil,2016,mtJR1s4TXFB9EluIQVBiUAVrOo50,information technology and services,linkedin.com/company/informatizo,,informatizo,são paulo,1-10,informatizo.com.br
brazil,2017,4XCpYCD4jBLfvTT6NaHv9wfkwXsS,information technology and services,linkedin.com/company/zolli-tech,cabreúva,zolli tech,são paulo,1-10,zollitech.com.br
brazil,1993,GFiBIH3ieYhbfkxu5Ci9DAKSYIo3,information technology and services,linkedin.com/company/made-computers,sao paulo,made computers,são paulo,1-10,madecomputers.com.br
brazil,,Gg8S4tXmrOSx9YCZmTGdtgAgXSa5,information technology and services,linkedin.com/company/caçador-digital,ubirajara,caçador digital,são paulo,1-10,cacadordigital.com.br
brazil,2020,pxl0ExJ7BsCRTeepdtY6iAZNdxCy,information technology and services,linkedin.com/company/fluxofacil,bauru,fluxo fácil,são paulo,1-10,fluxofacil.com
brazil,2007,vwRXIgMNKBKZYnxco0LU7gzrQKle,information technology and services,linkedin.com/company/wm-solution,osasco,wm solution,são paulo,1-10,wmsolution.com.br
brazil,2009,tOkKRqaifKUXT52szisfcgbpETt2,information technology and services,linkedin.com/company/kiffer-tecnologia-da-informa-o-ltda.,juiz de fora,kifferti.com - kiffer tecnologia da informação,minas gerais,11-50,kifferti.com.br
brazil,,AbzvWBnnv4ibr9inGSfkhQSx02mO,information technology and services,linkedin.com/company/informatica-santos,mucuri,informatica santos,bahia,1-10,informaticasantositabatan.negocio.site
brazil,2014,ONxiwFCG4NoJlzMpvw0Cfwfjnq7m,information technology and services,linkedin.com/company/asap-information-technology,curitiba,asap information technology,paraná,11-50,asapit.com.br
brazil,2016,6Xlun5CcXNGS5JsQdg5ViA5k1WlL,information technology and services,linkedin.com/company/lferreira-consultoria,barueri,lferreira consultoria e treinamento,são paulo,1-10,lferreiraconsultoria.com.br
brazil,2006,2R7309UDtjUdEANok8cByAUSexe6,information technology and services,linkedin.com/company/m-rito-engenharia-de-software,ijuí,mérito engenharia de software,rio grande do sul,11-50,merito-es.com.br
brazil,,yw1m2DLKiQ7gbhIzmu8YmANOlKQ8,information technology and services,linkedin.com/company/mstechsolucoes,,ms tech,são paulo,1-10,mstechsolucoes.net
brazil,2014,MPzKN8G1ffD2uP0YvCPJRQuMHSo7,information technology and services,linkedin.com/company/geoengis-engenharia-e-projetos-ambientais-ltda,nova lima,geoengis engenharia e projetos geombientais,minas gerais,1-10,
brazil,2021,wHyKmnBFsrvGQIJi2eQQwQZhb9Cu,information technology and services,linkedin.com/company/santa-monica-consultoria,sao paulo,santa monica consultoria,são paulo,1-10,santamonicaconsultoria.com.br
brazil,2024,zhwEZVBC3aQ54uf4Ph1j8QBzyBRQ,information technology and services,linkedin.com/company/be-monkai,rio de janeiro,monkai,rio de janeiro,1-10,bemonkai.ai
brazil,,6BQ6BS18tbchmBCwd4oYeQvGoEiU,information technology and services,linkedin.com/company/curriculo-online,,currículo online,rio de janeiro,1-10,curriculoonline.me
brazil,,a4kYtmoqSs8lRvRoemHiDgYJKjHR,information technology and services,linkedin.com/company/circuitonet,belo horizonte,circuitonet,minas gerais,1-10,circuitonetinformatica.com.br
brazil,2020,yKSV7zOdxr3TRVpl0jwEFwGvOhZT,information technology and services,linkedin.com/company/iamtechday,paulo,iam tech day,maranhão,1-10,iamtechday.org
brazil,2008,xqOj2U1PuDLiUPqYlDshbQR1RcoO,information technology and services,linkedin.com/company/infotec-comércio-e-serviços-de-informática-e-telecomunicações,,infotec comércio e serviços de informática e telecomunicações,são paulo,11-50,
brazil,2014,uLhArDvNGlXcLy7LPdjqagNvGCkc,information technology and services,linkedin.com/company/sala-de-cultura,,sala de cultura,são paulo,1-10,saladecultura.com.br
brazil,2016,EdvXYSxzKzerkBui7QYSwgKXqON8,information technology and services,linkedin.com/company/new-way-tecnologia,bertioga,new way tecnologia,são paulo,1-10,newwaytecnologia.com
brazil,2012,AE4NuU47mJuVqZ1LBx508wJUpGDq,information technology and services,linkedin.com/company/techconn,,techconn consultoria,são paulo,51-200,techconn.com.br
brazil,2018,FjXHiusuY0CgN1l9c5Q19Q7slK64,information technology and services,linkedin.com/company/iti-br,,iti,são paulo,1-10,iti-information-services.business.site
brazil,2016,bcmSUKxe1d2DPoNaf3AOjARDSq73,information technology and services,linkedin.com/company/taketecnologia,maringá,take tecnologia,paraná,1-10,taketecnologia.com.br
brazil,2003,HQJrPkuZnDFmpnSXQbt06QeNwipf,information technology and services,linkedin.com/company/robofei,são bernardo do campo,robofei,são paulo,11-50,
brazil,2013,XfCRCfprhdUGzbv5OnHFCAC8AqYw,information technology and services,linkedin.com/company/encloud-services,sao paulo,encloud services,são paulo,11-50,
brazil,1985,hKqqGVCJMaskWn32BTBLhQqLOiDe,information technology and services,linkedin.com/company/docs-brasil,,docs brasil,são paulo,11-50,docstibrasil.com.br
brazil,2021,TkhKcDMWzTVfxB04FGMouA0hly6n,information technology and services,linkedin.com/company/sk-data-analyst,chapecó,sk data analyst,santa catarina,1-10,skdataanalyst.com
brazil,,i3dSq1mGSIMKOiyCE0dw1wWn5yCl,information technology and services,linkedin.com/company/alpagoplataforma,pelotas,alpago,rio grande do sul,1-10,alpago.com.br
brazil,2020,aCw9x1IB0q74uiJadZAOMgdI7s5e,information technology and services,linkedin.com/company/certpeople,itapecerica da serra,certpeople,são paulo,1-10,certpeople.com.br
brazil,2021,9zwaggCVLHmHbsAQJCrjiA59zLtC,information technology and services,linkedin.com/company/vanellus-rad,florianópolis,vanellusrad,santa catarina,1-10,vanellusrad.com.br
brazil,,023AM4REAxhBLjf2T6xKNQl0HdXZ,information technology and services,linkedin.com/company/total-cam-tecnologia-e-informática-ltda,sumaré,total cam tecnologia e informática ltda,são paulo,1-10,
brazil,2021,gbDlL5FLsBO4gMTES3CpeQJ8leaX,information technology and services,linkedin.com/company/bsexcelencia,são josé dos campos,bs excelência,são paulo,1-10,bsexcelencia.com.br
brazil,,c83V1o5jYrlnVPLV7ZCvCQfxyAKd,information technology and services,linkedin.com/company/sgbras,itaúna,sgbras,minas gerais,1-10,sgbrastelemetria.com
brazil,2018,HGxNTZXwm2D0puhRjB644wjlVNbj,information technology and services,linkedin.com/company/egadnet,timbó,egadnet,santa catarina,11-50,egadnet.com.br
brazil,,3hIhY6xT9ABCJ1iBSX0WswfMzozi,information technology and services,linkedin.com/company/bellcard-informatica,suzano,bellcard informatica,são paulo,1-10,bellcard.com.br
brazil,2014,tkVckH7HPaBSvCkefzY6jwqgVYGo,information technology and services,linkedin.com/company/bioaps,ribeirao preto,bio - personal health assistent,são paulo,11-50,bioaps.com
brazil,2008,pOeg5y9ltX8Pk5kTSIrNJQEl9Mg3,information technology and services,linkedin.com/company/cittati-tecnologia,sao paulo,cittati tecnologia,são paulo,51-200,cittati.com.br
brazil,,5CuMJs617dLxXNwHqGkzZgJgPr3Q,information technology and services,linkedin.com/company/comprex-máquinas-e-serviços-ltda,serra,comprex máquinas e serviços ltda,espírito santo,51-200,
brazil,2020,BLQAxspLA6XZdzBGb8pRfQS4zd9V,information technology and services,linkedin.com/company/joei-consultoria-ltda,belo horizonte,joei consultoria ltda.,minas gerais,1-10,
brazil,1990,O2PZDFeUk0cTjYYU6uE2BA5wRW9C,information technology and services,linkedin.com/company/r3-sistemas-harpia-wms,joão pessoa,r3 sistemas | harpia wms,paraíba,11-50,r3sist.com.br
brazil,,bzi1QMv1pavrezIWH32xOwu1mv6Y,information technology and services,linkedin.com/company/scigeniq-brazil,,scigeniq brazil,são paulo,11-50,
brazil,1989,dUkUzferDa5kNldNBg4AMwHRcNie,information technology and services,linkedin.com/company/fck-engenharia-ltda,goiania,fck engenharia ltda,goiás,1-10,
brazil,2018,SSUnYu4Vp5D16LfKaphBrQCJbZky,information technology and services,linkedin.com/company/blue-wolf-tecnologia,tangará da serra,blue wolf tecnologia,mato grosso,1-10,bluewolftec.com.br
brazil,,afnE1mHUBqnusgetDDWvBgHWh5vW,information technology and services,linkedin.com/company/ho-fácil-web,belo horizonte,ho fácil web,minas gerais,1-10,
brazil,2017,X0W9NCS8ZXBuyKhODF2DPQCI8ce2,information technology and services,linkedin.com/company/ne-consultoria-em-ti,recife,ne consultoria em ti,pernambuco,11-50,neconsult.com.br
brazil,2021,XZcCcn8uAyguc3858MM56gcDKpcW,information technology and services,linkedin.com/company/gotomarket-digital,,gotomarket.digital,são paulo,1-10,gotomarket.digital
brazil,,19aaFJUNjB6dvKBZCmsrbAek0B2i,information technology and services,linkedin.com/company/mv-infoeletro,maricá,mv infoeletro,rio de janeiro,1-10,mv-infoeletro.negocio.site
brazil,2017,OmVDfXcdP8xYi68mVnl9DQt4DoLQ,information technology and services,linkedin.com/company/visioapp,cachoeirinha,visioapp,rio grande do sul,1-10,visioapp.com.br
brazil,,2k6kJVfExu0p5kzfoKOWbgrdXeQZ,information technology and services,linkedin.com/company/ollog,sertãozinho,ollog,são paulo,1-10,ollog.com.br
brazil,2018,3AMnuCgOtran21QfbuYOiAdIhgtU,information technology and services,linkedin.com/company/cupuoficial,val-de-cães,cupú - tecnology,pará,1-10,facebook.com/cupuoficial
brazil,,h4k0CB8WVYb8hHiltWReJQ3lW9fC,information technology and services,linkedin.com/company/everestdata,,everestdata,são paulo,11-50,everestdata.com.br
brazil,2018,B6j1qfGSBkdUHBK0BnrTPAOS0ikj,information technology and services,linkedin.com/company/bianchitecnologia,ribeirao preto,bianchi tecnologia,são paulo,1-10,bianchitecnologia.com.br
brazil,,EMlKcoNFAIpBQcP5aN5wdA1KdMA3,information technology and services,linkedin.com/company/detect-informática,ipanema,detect informática,rio de janeiro,1-10,detect-informatica.business.site
brazil,2001,CMAFQLL1ovZiCCBPhrPDUA5njyDM,information technology and services,linkedin.com/company/quantum---sistemas-de-gestão-empresarial,palmas,quantum - sistemas de gestão empresarial,tocantins,11-50,
brazil,,VbT54A36sGIYWYwFBDCZlgQDNhuQ,information technology and services,linkedin.com/company/wg-techbr,ouro prêto,wg tech,minas gerais,1-10,
brazil,,dgsBWGqQMthCsfm2EkcBhwIXL2aD,information technology and services,linkedin.com/company/datadrome,porto alegre,datadrome,rio grande do sul,11-50,datadrome.com.br
brazil,2021,3C0VxvZ4OMTW9CpwQeMRqAoVfLM8,information technology and services,linkedin.com/company/gestores-ti-am,manaus,aatec,amazonas,1-10,aatec.com.br
brazil,2023,sPM0KPscHdaYH25QADuACA1oMbM8,information technology and services,linkedin.com/company/sophos-bi,florianópolis,sophos bi,santa catarina,1-10,sophosbi.com.br
brazil,2010,ug4TWn3wzSrqK97CVr6JVgk0b8D2,information technology and services,linkedin.com/company/zed-promo,,máquina de promos,são paulo,11-50,zedpromo.com.br
brazil,2015,KgyJKTaC8MPrWUCU1pR5rghZTQyB,information technology and services,linkedin.com/company/universosdati,sao paulo,universos da t.i.,são paulo,1-10,linktr.ee/universosdati
brazil,2015,29wnAptCUwWcbErBPUCatQb5gzmV,information technology and services,linkedin.com/company/evernowbr,,evernow,são paulo,11-50,evernow.com.br
brazil,2018,vOBTUNlz4BVmlePWZAyECAPpAsW2,information technology and services,linkedin.com/company/royalbizdigital,sao paulo,royal biz,são paulo,1-10,royalbiz.com.br
brazil,2017,AlcAR7N2lTvCUx2J62cT1QdfyAar,information technology and services,linkedin.com/company/ainetw,,a.i. networks,são paulo,11-50,ainetw.com
brazil,2018,CQqJ04x4CCZBgCYa9yquBQBrf3Uf,information technology and services,linkedin.com/company/projenet-solutions,sao paulo,projenet solutions,são paulo,11-50,projenet.solutions
brazil,2015,SRJi8jkU6dBiSdxZHQ7hugNfTNTY,information technology and services,linkedin.com/company/gosoon,sao paulo,soon,são paulo,51-200,soon.com.vc
brazil,2018,CwFihCWbjkFQVA2drk8eLAdpKlGQ,information technology and services,linkedin.com/company/sistem-midia,teófilo otoni,sistem mídia,minas gerais,1-10,sistemmidia.com.br
brazil,1977,pbgdXb5tJclZQFoBDrmiCAhRUhea,information technology and services,linkedin.com/company/equipainformatica,,equipa informática,são paulo,51-200,equipa.com.br
brazil,,vVc3exPWiPVTbqvHQ0I1OATK7DVx,information technology and services,linkedin.com/company/zapt-informática,campos dos goytacazes,zapt informática,rio de janeiro,1-10,zaptinformatica.com.br
brazil,2019,yRldPqxCW3hg3YfvVEIjmA67TobS,information technology and services,linkedin.com/company/chronosautomacao,são bernardo do campo,chronos automação predial e residencial,são paulo,1-10,chronosautomacao.com
brazil,2017,ECnVALj2yspfTAnPb7YBcQfXxCcu,information technology and services,linkedin.com/company/solve-it-consulting,,solve it consulting,são paulo,1-10,solveitconsulting.com.br
brazil,2021,gKmHnNHTPLKYJdfwyqce5QEncJtz,information technology and services,linkedin.com/company/haxos-engenharia,,haxos engenharia,rio de janeiro,1-10,haxos.com.br
brazil,2017,nCE0mfFfbFY4FDTtKGrrqw0TrXgb,information technology and services,linkedin.com/company/purpletech,campinas,purpletech,são paulo,1-10,purpletech.com.br
brazil,,W5NNJy1vSW29CA5FCcphnwAvPEOY,information technology and services,linkedin.com/company/arena-gotrade,belo horizonte,trade arena,minas gerais,11-50,tradearena.com.br
brazil,,QPVMZx6muD7KYALDBAJvJAK4IQYC,information technology and services,linkedin.com/company/pousada-terra-nostra,serra negra,pousada terra nostra,são paulo,1-10,pousadaterranostra.com.br
brazil,,FV96W80mxhVdJht4n7HGfwHs7BUc,information technology and services,linkedin.com/company/tci---faturamento-e-informatica-hospitalar,sao paulo,tci - faturamento e informatica hospitalar,são paulo,1-10,
brazil,2019,NWbGWyzw4thyKxHt968kpgnibTdb,information technology and services,linkedin.com/company/surf-injury-data,sao paulo,surf injury data,são paulo,1-10,surfinjurydata.org
brazil,,sXyGUNQm6bUXP4eZZvhIvgKNfKEj,information technology and services,linkedin.com/company/anron-software,caruaru,anron software,pernambuco,1-10,anronsoftware.com.br
brazil,2015,KStVN4C9ccFmiQ2x0lLQxw8DJ8HP,information technology and services,linkedin.com/company/unquo-technology,porto alegre,unquo technology,rio grande do sul,1-10,unquotechnology.wixsite.com/unquo
brazil,2019,iMNu89RyCjKLBNWina6HkgpBIy4Z,information technology and services,linkedin.com/company/ebm-tecnologia,,ebm tecnologia,são paulo,11-50,ebmtecnologia.com.br
brazil,2014,cK2TY4VIXDoAW6K8lsClZQk2DtIw,information technology and services,linkedin.com/company/rgn-engenharia-e-inspeções,pradópolis,rgn engenharia e inspeções,são paulo,1-10,
brazil,2020,wGJ4C61O763rhxsHMI9ykAYVWgif,information technology and services,linkedin.com/company/supercert,sao paulo,supercert,são paulo,1-10,supercert.digital
brazil,2020,TouCJ3nIvFAlrizZBm8mBAVrI1of,information technology and services,linkedin.com/company/zapcondo,,zapcondo,são paulo,1-10,zapcondo.com
brazil,,jx7m5rPAJBhUSY4js3CCpwKn7aTf,information technology and services,linkedin.com/company/automatize-engenharia,,automatize engenharia,,11-50,automatizeresidencias.com.br
brazil,2022,QDCV0OgT6W5FVFaj6q6BZQpW2Uc2,information technology and services,linkedin.com/company/elocloud,belo horizonte,elo cloud,minas gerais,1-10,elocloud.net.br
brazil,2021,3bYVXFwb8ovYRT6bBUB94giIcjLR,information technology and services,linkedin.com/company/zeus-it,caratinga,zeus it serviços e consultoria de ti,minas gerais,1-10,zeusit.com.br
brazil,2010,nvt2ulgD8RqJTKzpIeieegSQhQt1,information technology and services,linkedin.com/company/ter-tecnologia,,ter tecnologia,são paulo,1-10,tertecnologia.com
brazil,2022,0eiXCc1NajcBJYMGGesJdQQJJdsl,information technology and services,linkedin.com/company/newuptech,porto alegre,newup,rio grande do sul,1-10,newup.tech
brazil,,bUzgGCHNBsWPyHS7JZc85waDzfo4,information technology and services,linkedin.com/company/infosol-informática-e-soluções,belford roxo,infosol informática e soluções,rio de janeiro,1-10,infosol.inf.br
brazil,2024,PLc4lAeXK3w2DwCu46pCCAOxo6Ml,information technology and services,linkedin.com/company/grupo-wall-web,campina grande,listas incríveis | para desenvolvedores web,paraíba,1-10,
brazil,,4S5iwnI1FMGWn1CBzhXiewbZaV08,information technology and services,linkedin.com/company/​eletrotec-eletronica-e-informática,cachoeira do sul,eletrotec eletronica e informática,rio grande do sul,1-10,eletrotecinformatica.com
brazil,,sC26jQGEHF4a6XV3iI3zywL37uP7,information technology and services,linkedin.com/company/lantec-informática,canela,lantec informática,rio grande do sul,1-10,lantecinformatica.com.br
brazil,2014,igd2cSdYO8GKMfGhSaKeKQfMN2HI,information technology and services,linkedin.com/company/tiqui,águas claras,tiqui,federal district,1-10,tiqui.com.br
brazil,2003,oBIVGIxtqTb4Y2TUi01GWAlp7h01,information technology and services,linkedin.com/company/akamae,,akamae tech,são paulo,11-50,akamaetech.com
brazil,2022,e6nxCWyPTKeoP33IDSXHcQB9EsuT,information technology and services,linkedin.com/company/kosmo-consultoria,guanhães,kosmo consultoria,minas gerais,1-10,kosmoconsultoria.com.br
brazil,,i8QPMH9F8jCjCUk8x38PkgEXlzfF,information technology and services,linkedin.com/company/a3l-informática-e-consultoria,salvador,a3l informática e consultoria,bahia,1-10,
brazil,2006,y2ss6adPuagUKRVhpEDMwQu38fKx,information technology and services,linkedin.com/company/h2a-net-informática,,ifs,são paulo,1-10,ifspro.com.br
brazil,2013,qbCW43iD2ua1ehCYLWB5IAcX3QhO,information technology and services,linkedin.com/company/mega-solu-es-em-inform-tica,florestal,mega soluções em informática,minas gerais,1-10,megainfosolucoes.com.br
brazil,,ENFqKctHcm1iXqKnsoCvDQBDudNa,information technology and services,linkedin.com/company/unialltech,fortaleza,unialltech,ceará,1-10,
brazil,2013,3SlNvrEoBBQODBIG8yxbzgVpym5N,information technology and services,linkedin.com/company/begyn-sistemas,recife,begyn,pernambuco,1-10,begyn.com.br
brazil,2008,CCZjBP54BXBmOKH8DzTCYATUKCtz,information technology and services,linkedin.com/company/wgnr8,aracuí,wgnr8 intelligence at business,espírito santo,1-10,wgnr8.com.br
brazil,,HyoPwBaIctB5vHfPlRLDWgcRP8vo,information technology and services,linkedin.com/company/3w-energy-ltda,unaí,3w energy ltda,minas gerais,1-10,3wenergy.com.br
brazil,2010,tYRBrT0dsMte6Tfjiw5Y6QM4wwXl,information technology and services,linkedin.com/company/apoio-engenharia-e-tecnologia,,apoio engenharia e tecnologia,rio de janeiro,11-50,apoioengetec.com.br
brazil,,Qef28lJKLzFxfkBNYcLazAwlSM28,information technology and services,linkedin.com/company/satyam-startup,sao paulo,satyam,são paulo,201-500,satyam.com.br
brazil,,EunltY6Arv8DkvxV3owdsQtqFFf1,information technology and services,linkedin.com/company/satcorp-consultoria-em-rastreamento-e-gestao-de-frotas-ltda,sao paulo,satcorp consultoria em rastreamento e gestao de frotas ltda,são paulo,1-10,
brazil,2007,kzNUovxYxBFMtlfgmX39BQ0KX6YN,information technology and services,linkedin.com/company/nasa-tec,campo grande,nasa tec especializada em tecnologia,mato grosso do sul,51-200,nasatec.com.br
brazil,2013,Yk96dhX9HAC3BFxHEkzRcgwQPBAc,information technology and services,linkedin.com/company/turrisdev,itajaí,turris,santa catarina,1-10,turris.net.br
brazil,,UFddNCZzCSec0UQLJc9HwgP1YJB7,information technology and services,linkedin.com/company/steeltec-engenharia,gama,steeltec engenharia,federal district,51-200,steelteceng.com.br
brazil,2017,DSOB2Wz0c7eoJYcj5z24wA9Io4j7,information technology and services,linkedin.com/company/bravus-informática,,bravus informática,são paulo,1-10,facebook.com/bravusinformatica
brazil,2023,DYW4dK3fwYBAAImg2C4MiQqzzgLX,information technology and services,linkedin.com/company/esr-engenharia,itatiba,esr engenharia,são paulo,1-10,
brazil,,Bf0O7XLUQAeaWZPuA4u96AMSC8zF,information technology and services,linkedin.com/company/zeplanilha,mujuí dos campos,zeplanilha,pará,1-10,zeplanilha.com
brazil,,TNBUgr58zzcGGtcDwckgmQ9y2fmw,information technology and services,linkedin.com/company/verot-easy-tax,campinas,verot easy tax,são paulo,11-50,verot.com.br
brazil,,iuL0HtFB8tvJVsFW3pBxXQQcab4d,information technology and services,linkedin.com/company/ada-empresa-júnior,sao luis,ada empresa júnior,maranhão,11-50,
brazil,2008,5q976yKh1jyDqVGgb9g8SgSdSzu9,information technology and services,linkedin.com/company/nerv-informatica-ltda,,nerv informatica ltda,são paulo,1-10,nervinformatica.com.br
brazil,,SGwPz7qIgLiOzWHJskb77QakFPgq,information technology and services,linkedin.com/company/paulinho-cell-assistência-técnica-premium,manaus,paulinho cell assistência técnica premium,amazonas,1-10,paulinho-cell-assistencia-tecnica.negocio.site
brazil,2014,HsOhB8CaaAOk8YHyzgVC5wbTaKF7,information technology and services,linkedin.com/company/integra-coworking,belo horizonte,integra coworking,minas gerais,1-10,integracoworking.com.br
brazil,2020,mZCUxsADb2t2Plf64CIcyQhBoFnR,information technology and services,linkedin.com/company/e-inclusao,serra talhada,e-inclusao tecnologia e educacao inclusiva ltda,pernambuco,1-10,
brazil,2021,Ps5g6rsDBfUuWNF45rDWCwcIt0Wi,information technology and services,linkedin.com/company/t-f-engenharia,catanduva,t.f. engenharia,são paulo,1-10,instagram.com/engenheiroferreira
brazil,2019,UBgpspWRX7RQkOpCXcoUBgYJovoV,information technology and services,linkedin.com/company/conecta-solucoes-ti,goiania,conecta soluções,goiás,1-10,
brazil,2018,t2IBffhqgp16cHCCcrYFjwTos7NT,information technology and services,linkedin.com/company/a2c-technology-do-brasil,curitiba,a2c technology do brasil,paraná,11-50,a2ctech.com.br
brazil,2018,iRaNgEJZBSBsiU35RPbgIwhnmkjV,information technology and services,linkedin.com/company/lilupet,,lilu,são paulo,11-50,lilu.pet
brazil,1997,BYD45AnBuOFEXD8bQJtJOwMdjZbc,information technology and services,linkedin.com/company/romana-laudos-de-avaliação,criciúma,romana - avaliações e perícias,santa catarina,51-200,romanaeng.com
brazil,2021,LXelK5O12wLW9EB4T7i16AUiZ65C,information technology and services,linkedin.com/company/rro-tecnologia,paulo,rro tecnologia,maranhão,1-10,rrotecnologia.com
brazil,,S7zaG19mY5OLvaC6m1J0Nwfbjjsw,information technology and services,linkedin.com/company/lrangels-consultoria-de-ti,,lrangels consultoria de ti,rio de janeiro,1-10,
brazil,,UIHVA3GgvmmZEo0xdjiWbQofyTxS,information technology and services,linkedin.com/company/liveusd,sao luis,liveusd,maranhão,1-10,liveusd.tech
brazil,,cEkaP8mtOO2P97gJaP3p4gb7ipSD,information technology and services,linkedin.com/company/smll-tecnologia,taubaté,smll tecnologia,são paulo,1-10,smlltecnologia.com.br
brazil,,esCPluvUOloBal5z9N6Scg84hwma,information technology and services,linkedin.com/company/j-&-m-consultoria-e-sistemas,teresina,j & m consultoria e sistemas,piauí,1-10,jmcsistemas.com
brazil,2019,bSKmCa7CXK0mr9CCytJpGQbSwY0A,information technology and services,linkedin.com/company/falacomigoinf,belo horizonte,fala comigo,minas gerais,1-10,falacomigo.inf.br
brazil,,rQz4F3SOyWhIf2szevB83QsfrD3a,information technology and services,linkedin.com/company/total-br-tecnologia,luis eduardo magalhães,total br tecnologia,bahia,1-10,tbrtecnologia.com.br
brazil,2006,QhuhDTQ0v7V4CCpCLNO8jAGip7FH,information technology and services,linkedin.com/company/psitec-consultoria-e-assessoria-empresarial-ltda.,rio de janeiro,psitec consultoria e assessoria empresarial ltda.,rio de janeiro,51-200,psitecconsultoria.com.br
brazil,2002,4RU2fasFAAe3x8WIbbhHRg4yYjO6,information technology and services,linkedin.com/company/milton-soft-ltda,,milton software ltda,são paulo,1-10,miltonsoft.com.br
brazil,,jsRMx5VYgmg0esvCJfCqWQEM3lNB,information technology and services,linkedin.com/company/totale-tecnologia,,totale tecnologia,,1-10,
brazil,2004,TTeEkK9dzLONkT72x695wANr5CoR,information technology and services,linkedin.com/company/f13-tecnologia,fortaleza,f13 tecnologia,ceará,11-50,f13.site
brazil,,vktysRjRB5AnuCXE0sI1KgOvWL5E,information technology and services,linkedin.com/company/bookmaps-interactive-world,uberlândia,bookmaps - agência de publicidade - inteligência artificial,minas gerais,1-10,bookmaps.co
brazil,,1YU9bKrRzCOmqJyzoDqT0QHXyEwd,information technology and services,linkedin.com/company/grupo-leva-eng,sete lagoas,grupo leva eng,minas gerais,11-50,levaengenharia.com.br
brazil,2018,YLk0oRaZzTWDsSZZ7rtBwwuyspki,information technology and services,linkedin.com/company/pracinhadeportugal,sao paulo,pracinha de portugal,são paulo,1-10,pracinhadeportugal.com.br
brazil,,CYqJRjMBxvv8LwCTNYEQyQEcmpc4,information technology and services,linkedin.com/company/lg-systen-informática,jaborandi,lg-systen informática,são paulo,1-10,lgsysten.com
brazil,1998,M2MVM8tJ8dq3OhzC9vmTWwTZ7CR2,information technology and services,linkedin.com/company/tecnoativa,salvador,tecnoativa,bahia,11-50,tecnoativa.com.br
brazil,2011,ivNHB7c9UMIDmVI0wRpbnwsuD2dY,information technology and services,linkedin.com/company/elogico-solu-es-em-tecnologia-ltda,tijuca,elogico soluções em tecnologia,rio de janeiro,1-10,
brazil,2017,l0g7B83SNYjVGD2FwyNttgFoIgRF,information technology and services,linkedin.com/company/oriente-digital,recreio dos bandeirantes,oriente digital,rio de janeiro,1-10,oriente-digital.com
brazil,,23hxa5T9ZGgzdx7vLtyBKAX6OR6g,information technology and services,linkedin.com/company/sark-live,,sark,são paulo,1-10,sark.live
brazil,1921,CMDwL93XUgO8vGZ0Yw0hrwSmNeAu,information technology and services,linkedin.com/company/italtel-brasil,sao paulo,italtel brasil,são paulo,51-200,
brazil,2007,9rQLJiahgb80M3IDpKGydwv6ANO4,information technology and services,linkedin.com/company/bluefish-consultoria,são josé do norte,bluefish tecnologia,rio grande do sul,1-10,bluefish.com.br
brazil,,BhuzTNf7UMYCvGiPMtmHxQ4DXGgE,information technology and services,linkedin.com/company/vg-informática,tubarão,vg informática,santa catarina,1-10,vginfo.negocio.site
brazil,2013,V7TeBOoKPPcXd8EqOjgdjgrn83ox,information technology and services,linkedin.com/company/totalseg-distribuidora,cachoeiro de itapemirim,totalseg distribuidora,espírito santo,11-50,totalseges.com.br
brazil,2000,wJx6bYq64R0iirdd5SOdHAJQlETw,information technology and services,linkedin.com/company/planetta-web,curitiba,planettaweb,paraná,1-10,planettaweb.com.br
brazil,,SGwox4Wggh75E86KuU7DTwxWSwVS,information technology and services,linkedin.com/company/lojas-amarante,rua do arco,lojas amarante,bahia,1-10,
brazil,,NOJruxnQGdGEAzpWsy1pRQiLmYak,information technology and services,linkedin.com/company/escola-da-energia-br,brasília,escola da energia,federal district,11-50,escoladaenergia.com
brazil,2022,RncsycpiIhKCDEg0oTqqBgVD2lDV,information technology and services,linkedin.com/company/recomprou,joinvile,recomprou,santa catarina,1-10,recomprou.com.br
brazil,2012,En1QnQRaLWiXRLnDXJ6HOQWvLRY8,information technology and services,linkedin.com/company/safetytec-solu-es-em-sms,curitiba,safetytec,paraná,11-50,safetytec.com.br
brazil,2012,XwChi8EYTq28Cb2sCuV19gkMWREk,information technology and services,linkedin.com/company/incube-tecnologia-de-informa-o,paulo,incube s.a.,maranhão,11-50,incube.mobi
brazil,2020,yttLTKBgfUPBgmtyeRTKCwpho0U2,information technology and services,linkedin.com/company/didsantis-informatica,porto alegre,didsantis informática,rio grande do sul,1-10,didsantis.carrd.co
brazil,2016,94kD3vSyjNZpAceOAZOcRwafSvET,information technology and services,linkedin.com/company/tivida,caucaia,tivida,ceará,1-10,tivida.com.br
brazil,,WJG5JNXHFOjd54mBBijDRwHOgN9J,information technology and services,linkedin.com/company/botefé-comunicação-integrada,lauro de freitas,botefé comunicação integrada,bahia,1-10,botefe.com
brazil,2012,E31Bqg78J4Cx37CmWL9IKgQJAPKJ,information technology and services,linkedin.com/company/brachium-tecnologia,,brachium tecnologia,são paulo,1-10,brachium.com.br
brazil,2007,rXYZ3bdPTBgp6uutbB60xgotabV9,information technology and services,linkedin.com/company/cdfresolve,,cdf,são paulo,501-1000,cdf.net
brazil,,0iLo1jC6B6nBQHF7tZbCpg6vW5sG,information technology and services,linkedin.com/company/hainfellner-desenvolvimento,indaiatuba,hainfellner desenvolvimento técnico e empresarial,são paulo,1-10,
brazil,,d2zLmQmLWOc4XwoCAvccjQM3FXmG,information technology and services,linkedin.com/company/freitas-machado-automacao-e-informatica,florianópolis,freitas machado automacao e informatica,santa catarina,11-50,aurelioribeiro.com.br
brazil,,FiRLUPnm1zlTmCbgclu43QClDJfj,information technology and services,linkedin.com/company/zelo-protege,betim,zelo protege,minas gerais,11-50,
brazil,2015,RAWqdysKiSBSFIY5u8oM2w1KOmWt,information technology and services,linkedin.com/company/vmtecnologia,manaus,vm tecnologia comércio & engenharia,amazonas,11-50,linktr.ee/vm_tecnologia
brazil,,TGKGP4JjmiVCNON4ENaOJAI9VbDy,information technology and services,linkedin.com/company/artluv-artspecialists,,artluv  #artspecialists,são paulo,11-50,
brazil,,SnFHq3pewQwwSxr8Bsg4JQdKeNMI,information technology and services,linkedin.com/company/ckcomercio,,ck comércio e representação,são paulo,1-10,ckltda.com.br
brazil,2011,OC78us2ldagCpkS2GpyjwgbSde3J,information technology and services,linkedin.com/company/krips-i-t-solutions,,krips i.t. solutions,rio de janeiro,1-10,kripsit.com
brazil,,qkBRpnEojFpWKY2HIshNMgni5bKj,information technology and services,linkedin.com/company/medicsys-do-brasil-sistemas-de-informa-o,pinheiros,medicsys do brasil sistemas de informação,são paulo,1-10,medicsys.com.br
brazil,1988,tI5veHUCBE9QS0JDR4MtXQiD42Ne,information technology and services,linkedin.com/company/tacoinformatica,santos,taco informatica,são paulo,1-10,taco.net.br
brazil,2015,XBSeUE51V4oyKQ3hwFMcJgNWuvp2,information technology and services,linkedin.com/company/delu-tecnologia,guarulhos,delu tecnologia,são paulo,1-10,delutecno.com.br
brazil,,EJYEBhlAdDFI4HBxodwRFA1EtmCG,information technology and services,linkedin.com/company/teckavan,caldas novas,teckavan,goiás,1-10,teckavan.com.br
brazil,2016,WhFdT1Juz0FP4XnbBXKCOARqdqs6,information technology and services,linkedin.com/company/parkaware-inc,sao paulo,parkaware inc.,são paulo,1-10,parkaware.com.br
brazil,2012,j6egsrDn1yX0qJKGn2nCPQBs0NG2,information technology and services,linkedin.com/company/mobi-aplicativos,sao paulo,mobi aplicativos,são paulo,1-10,mobiaplicativos.com.br
brazil,2007,iPB0PqpQD0SnQJTza7GAqQLJd9eV,information technology and services,linkedin.com/company/trademinas---soluções-em-ti,belo horizonte,trade minas - soluções em ti,minas gerais,51-200,
brazil,1984,wBWcdnxf2ZMwe1Z9BTVo5Ab8pj0s,information technology and services,linkedin.com/company/softing-automa-o,,softing automação,são paulo,11-50,
brazil,1991,mLBHpVlNnMVsNI8qeRQzXAH2sixU,information technology and services,linkedin.com/company/uniteltelecomvca,vitória da conquista,unitel telecom,bahia,1-10,uniteltelecom.com.br
brazil,2000,n1SfuY67xRumpvpbzvIxywuS146U,information technology and services,linkedin.com/company/siah---assessoria-hospitalar,são francisco,siah - assessoria hospitalar,minas gerais,11-50,siah.com.br
brazil,2017,sM9HjelbbRt5Bkf4f3s6wA0axE3n,information technology and services,linkedin.com/company/ribeirosimoesengenharia,uberlândia,rs engenharia,minas gerais,11-50,ribeirosimoesengenharia.com.br
brazil,,tB24wzRGqg3xJJyoBccoBg8Bomle,information technology and services,linkedin.com/company/voraz-consultoria,pato branco,voraz consultoria sap b1,paraná,11-50,vorazconsultoria.com.br
brazil,,lHNzMJN4wUQ2yEL39B5cYQNTd1j6,information technology and services,linkedin.com/company/bahia-bit-solucoes-integradas,salvador,bahia bit solucoes integradas,bahia,1-10,bahiabit.com.br
brazil,2013,WS2WSAjwJ1jDNrBCcjMOOA5lSG0R,information technology and services,linkedin.com/company/novit-sistemas,,novit sistemas,são paulo,11-50,novit-sistemas.com.br
brazil,,mbSqiXh63pgmBErW0hbafgaHlYll,information technology and services,linkedin.com/company/vector-serviços-ltda,,vector serviços ltda,,1-10,
brazil,,FO1A0FA6US76BAPgP3YzqwazayaN,information technology and services,linkedin.com/company/waytec,abadia dos dourados,waytec,minas gerais,1-10,waytec.com.br
brazil,,o96K6OrKWobnXXS9GBGBhQQSBOZh,information technology and services,linkedin.com/company/peixe-urbano-web-serviços-digitais-ltda.,rio de janeiro,peixe urbano web serviços digitais ltda.,rio de janeiro,1-10,
brazil,2022,M0C87bdeiufU4lFwL4XZoAmelWvC,information technology and services,linkedin.com/company/power-systems-engenharia-eletrica,sertãozinho,power systems engenharia eletrica e automação,são paulo,11-50,
brazil,,zWID9cmZ36L1ZNhAqT5Ygg3befcU,information technology and services,linkedin.com/company/center-cell-celular,cuiabá,center cell celular,mato grosso,1-10,centercellcelular.com.br
brazil,2020,HObWaAseFGANb49gAZ0a9wfRFjed,information technology and services,linkedin.com/company/nerd4ever,campinas,nerd4ever,são paulo,1-10,nerd4ever.com.br
brazil,,cCDlucCc6Z3TURN5D8eLiAgsEjOc,information technology and services,linkedin.com/company/sigla-tecnologia,bagé,sigla tecnologia,rio grande do sul,1-10,sigla.inf.br
brazil,,1iruDZRxvi8xBMhK5UaiXwovHAWX,information technology and services,linkedin.com/company/cit-gramado-centro-de-inovação-tecnológica-de-gramado,gramado,cit - centro de inovação tecnológica de gramado,rio grande do sul,51-200,innovationcenter.com.br
brazil,2015,qZLiZ5CdAmWu9bEseyMVTQH7B1Ct,information technology and services,linkedin.com/company/mvolts-projetos-e-serviços-ltda,fortaleza,mvolts instalações e projetos elétricos ltda,ceará,1-10,instagram.com/mvoltsoficial
brazil,,JkgBCFbEYrT2apR5skh94gWphP8A,information technology and services,linkedin.com/company/sankofa-technology,paulo,sankofa technology,maranhão,11-50,sankofatechnology.com.br
brazil,2018,QWWDZcvxTyxfM1Rcj3ZGaAtszMul,information technology and services,linkedin.com/company/lemon3,cidade nova,lemon tree,rio de janeiro,1-10,lemon3.com.br
brazil,2016,8RCmuXj3x4pbAvLbP5RougzfkTOP,information technology and services,linkedin.com/company/i9-resultados-digitais,floriano peixoto,hooks,rio grande do sul,1-10,i9-resultadosdigitais.com.br
brazil,2013,B1lHZYkEjyvZCVF6FQ9I2gfchIFc,information technology and services,linkedin.com/company/sistudio-br,,sistudio inteligência digital,são paulo,11-50,sistudio.com.br
brazil,2020,B0iZP9OfgCrAXNMrKIdY9grEpwd4,information technology and services,linkedin.com/company/trebla-labs,belo horizonte,trebla,minas gerais,1-10,treblalabs.com
brazil,2010,yTIi9bDd2uupWS8FQ0BpzQxj1yN5,information technology and services,linkedin.com/company/creditall-holding-empresarial-eireli,mandaguaçu,creditall holding empresarial eireli,paraná,51-200,
brazil,,hWSDlHLnkXrvwDaqUmiipA5L9N3d,information technology and services,linkedin.com/company/gransoft-informática,sena madureira,gransoft informática,acre,1-10,gransoftinfor.com.br
brazil,2020,4gEzbLzGG00HgO5cUn6MAw2ZZvKK,information technology and services,linkedin.com/company/qrway,,qr way,são paulo,1-10,qrway.com.br
brazil,2009,HUCMdFKiPOqC9Dwmi20cFQHlhFfA,information technology and services,linkedin.com/company/hmck-solu-es-em-ti,saquarema,hmck soluções em ti,rio de janeiro,1-10,hmckinc.com
brazil,1988,QXCdV5JuNaTHGE5R4KvrzwSSsr7c,information technology and services,linkedin.com/company/poly-design,joinvile,poly informática - poly design,santa catarina,1-10,polyinformatica.com
brazil,2014,1JKxj41bopQuoMcDcBXyxALCIfaf,information technology and services,linkedin.com/company/extreme-digital-solutions---eds,tuparetama,extreme digital solutions - eds,pernambuco,1001-5000,extremedigital.com.br
brazil,,7B70Qlf20MvZm9iEhqCCwwU0qsHR,information technology and services,linkedin.com/company/resolve-micro-serviços-técnicos-de-informática,,resolve micro serviços técnicos de informática,são paulo,1-10,resolvemicro.business.site
brazil,,ARkyyVUkQRdxBK1aXfVUEQB0Q3L1,information technology and services,linkedin.com/company/gerir-soluções-em-tecnologia-da-informação,belo horizonte,gerir soluções em tecnologia da informação,espírito santo,1-10,
brazil,,Q7OihWZxCOtA7KNcLbcbSAPFHUYA,information technology and services,linkedin.com/company/solosbrasil,salvador,solos brasil,bahia,11-50,solosbrasil.com
brazil,2014,8Pk4CFwWoMUnlVCOxVQQFwjfAscX,information technology and services,linkedin.com/company/relacional-tecnologia,belo horizonte,relacional ti,minas gerais,1-10,relacionalti.com
brazil,2006,cGVdB92yh2V9pCJEwUzbhgt4PWtd,information technology and services,linkedin.com/company/sisuporteinformatica,asa norte,suporte informática df,federal district,11-50,suporteinformaticadf.com.br
brazil,2018,EYGzloVuFXXsL1YKftCjogISTCoH,information technology and services,linkedin.com/company/modatta,barão de juparanã,modatta,rio de janeiro,11-50,modatta.org
brazil,,TMwFmKLK5f51BvVAqMJefQ4U1H64,information technology and services,linkedin.com/company/devops-partner,florianópolis,devops partner,santa catarina,11-50,
brazil,2004,jGlQvFJiwzZ6SkZkYkIg7Q9YAymM,information technology and services,linkedin.com/company/hamechcode-software,,hamechcode software,rio de janeiro,1-10,hamechcode.co
brazil,2019,NV6XCty59gwoDeBSnDCq0gS7XfvJ,information technology and services,linkedin.com/company/myfarmdigital,goiania,myfarm,goiás,11-50,myfarm.com.br
brazil,2019,VWTz76viTRK6p1abeL8qhAa08Yyo,information technology and services,linkedin.com/company/balsamo-br,,bálsamo br,são paulo,11-50,balsamobr.com.br
brazil,2018,FHZoJQGiwVnapjJfpFwD7QxiYUQD,information technology and services,linkedin.com/company/boomerang-safe-driving-data,maringá,boomerang safe driving data,paraná,1-10,safedrivindata.co
brazil,,kwgEKFBxC8hvC5zeVR3GFwCsMI6r,information technology and services,linkedin.com/company/digittal-international,sao paulo,digittal international,são paulo,1-10,
brazil,,bdPXgH2PV5D3VBbQgtfH6wpNzaIB,information technology and services,linkedin.com/company/connect-bahia-comercio-e-servicos-informatizados,salvador,connect bahia comercio e servicos informatizados,bahia,11-50,iaaf.com.br
brazil,,AjOCoZMogDjPxK8LisSmQw52ARWn,information technology and services,linkedin.com/company/pontofixoengenharia,estação,ponto fixo engenharia,rio grande do sul,1-10,campsite.bio/pontofixoengenharia
brazil,2016,K8XwGgv1GzoHvbioUgedPAgFgELd,information technology and services,linkedin.com/company/tomazi-pelegrin-engenharia-e-consultoria,criciúma,tomazi & pelegrin - engenharia e consultoria,santa catarina,1-10,
brazil,2001,XCGFybZ6g9TqDaUQdHtBIAYaWjIj,information technology and services,linkedin.com/company/solvers-solution-factory,mogi das cruzes,solvers solution factory,são paulo,1-10,solvers.com.br
brazil,,yfCKGSRvGRHlR8D1rhbblAyL30Lr,information technology and services,linkedin.com/company/lgstecsolutti,cachambi,lgstecsolutti,rio de janeiro,1-10,lgstecsolutti.com
brazil,,8radiBiv8aus0eAWGOrBRQF4r93B,information technology and services,linkedin.com/company/desize---desenvolvimento-de-sistemas,canoas,desize - desenvolvimento de sistemas,rio grande do sul,1-10,
brazil,,wWJ0BG3nutQzXa20CtvkdAWtsD6h,information technology and services,linkedin.com/company/gtsbahia,salvador,grupo de testadores de software da bahia,bahia,1-10,gtsba.com
brazil,,DSlnn2XI6R6Gs42D1cqBzAJB1mrS,information technology and services,linkedin.com/company/elohinfo-technology,casa branca,elohinfo technology,são paulo,1-10,elohinfo.com.br
brazil,,k7tKxGWP9TD9AKLMxP0Miw2BUMWb,information technology and services,linkedin.com/company/la-assistência-técnica,caruaru,la assistência técnica,pernambuco,1-10,laassistencia.wordpress.com
brazil,2006,JgQFznMXmBz8fsj6QrtBDAuvjuiX,information technology and services,linkedin.com/company/cognos-saude,sao paulo,cognos inovação em saúde,são paulo,1-10,cognos.med.br
brazil,1969,wHYFlPgboAC0t9cPzCIghwosR0xG,information technology and services,linkedin.com/company/hasar-brasil,brusque,high tech (hasar brasil),santa catarina,201-500,h1tech.com.br
brazil,2011,qc26W8QzCFvmDBA76tehBwbICYst,information technology and services,linkedin.com/company/colaborativa-knowledge-builder,,colaborativa knowledge builder,são paulo,11-50,colaborativa.co
brazil,,w9HGwplDZSfTsCVmYYbuBAPPVYP9,information technology and services,linkedin.com/company/rr-serviços-elétricos,sapucaia do sul,rr serviços elétricos,rio grande do sul,11-50,
brazil,2018,PrxuvtYQygBSOwpv3Vs1tw5w1Twd,information technology and services,linkedin.com/company/medluzline,santo andré,medluzline,são paulo,11-50,medluzline.com.br
brazil,2017,PIEDNnRn0JzB0NQCFxN5sg4SSi4O,information technology and services,linkedin.com/company/gtltecnologia,goiania,gtl tecnologia,goiás,1-10,gtltecnologia.com.br
brazil,2013,u2b4Ktqn7pwEhZceO7Q9XwUZcGcQ,information technology and services,linkedin.com/company/innova-iusti,santana de parnaíba,innova iusti,são paulo,51-200,innovaiusti.com.br
brazil,,eKwlOD2QvSWOgBCJfA1KzAugvi5r,information technology and services,linkedin.com/company/phferreira,florianópolis,phferreira,santa catarina,1-10,
brazil,,RqMoUz2mQVFmFdjj6gXBBAbZwqMa,information technology and services,linkedin.com/company/conecte-informática,nova odessa,conecte informática,são paulo,1-10,conecteinformatica.com.br
brazil,2017,WUm8MPw0E2kGdCpJwixjAwcXph8i,information technology and services,linkedin.com/company/onearby,brasília,onearby,federal district,11-50,onearby.com
brazil,2016,RPp8WX9sWppYGsTwqBUOCAEDJ7iy,information technology and services,linkedin.com/company/tistan,sao paulo,tistan,são paulo,1-10,tistan.me
brazil,2001,ebynsxkIxokvUnomsgk66A2TWrMu,information technology and services,linkedin.com/company/prixx-tecnologia,cuiabá,prixx tecnologia,mato grosso,51-200,prixxtecnologia.com.br
brazil,2003,6B7e5ZXGhBIKaIAMQyi0RQsdhGEy,information technology and services,linkedin.com/company/crosoften,sao paulo,crosoften,são paulo,51-200,crosoften.com
brazil,2020,YoceDgzhtCbLWbUeOuJCnQbaaMAv,information technology and services,linkedin.com/company/a1consulting,curitiba,a1 consulting,paraná,11-50,a1consulting.com.br
brazil,2020,Gp2gyXlpjNn6DNRYRmGR6wbzadnP,information technology and services,linkedin.com/company/inspireip,,inspireip,são paulo,11-50,inspireip.io
brazil,2006,POV4mcaCY3AO3nz6wEMm3QeDbtKl,information technology and services,linkedin.com/company/vale-tech,lorena,vale.tech | consulting in technology,são paulo,1-10,vale.tech
brazil,2023,ikABthunO88LxV5WutEHjw1jXlRV,information technology and services,linkedin.com/company/allira_iluminação,são josé do rio prêto,allira,são paulo,1-10,
brazil,2002,2JUOeUUvomif58uiQV3Cdgv4d6jE,information technology and services,linkedin.com/company/amazon-informatica,brasília,amazon informática,federal district,201-500,amazoninformatica.com.br
brazil,2007,BiL0d2UUHuvoNbsVLGATqAhaq9Ff,information technology and services,linkedin.com/company/unicoidtech,sao paulo,unico idtech,são paulo,1001-5000,unico.io
brazil,,wlZLyRWjCynqHMBaYVBTAQmaGZ15,information technology and services,linkedin.com/company/gvc-contagem,contagem,gv clinicas contagem,minas gerais,1-10,
brazil,2022,WsRs0bEyWKtba0de4kM2JQGypVsg,information technology and services,linkedin.com/company/zion-empreendimentos-e-arquitetura,são josé dos pinhais,zion empreendimentos e arquitetura,paraná,51-200,
brazil,,Qdpijh3c8ipPBElIx8PsxQuFKlw2,information technology and services,linkedin.com/company/porto-systems-sistemas-de-informacao,porto alegre,porto systems sistemas de informacao,rio grande do sul,1-10,
brazil,,28f6xNg7Ugv9TO4JN95luQ9gvqJa,information technology and services,linkedin.com/company/laboratório-da-informática,são caetano do sul,laboratório da informática,são paulo,1-10,laboratoriodainformatica.com.br
brazil,,aki4Hc9vepaBFQnODRt9Ow7hrhO5,information technology and services,linkedin.com/company/topwave-tecnologia,curitiba,topwave tecnologia,paraná,1-10,topwavetecnologia.com.br
brazil,2023,fl4yq71dGyZfd8Lwh9LKHQxTjCmA,information technology and services,linkedin.com/company/triadeengenhariadiagnostica,fortaleza,tríade engenharia diagnóstica,ceará,1-10,
brazil,2018,453jdYLCWOlPk9AagKWh8ghrYPiZ,information technology and services,linkedin.com/company/camarasys-tecnologia,,camarasys tecnologia,são paulo,11-50,camarasys.com.br
brazil,,mVy4qt1aEu2HdebMYCz1GAqYqfsM,information technology and services,linkedin.com/company/aldsistemas,campinas,ald sistemas,são paulo,1-10,aldsistemas.com.br
brazil,2021,xOWV7kXWGBnI36zIRuWA8Q3Y7D7C,information technology and services,linkedin.com/company/rcj-engenharia2021,campo formoso,rcj engenharia,bahia,11-50,instagram.com/rcj.engenharia
brazil,,V2dnNatL1oqJzVNyKgFeOAYRy6Oo,information technology and services,linkedin.com/company/ipmart-brasil,salvador,ipmart brasil,bahia,1-10,ipmart.com.br
brazil,2014,HfyOY1BJRkHDjXn9fSof4AbbRZSJ,information technology and services,linkedin.com/company/soulider-certificação-digital,joinvile,soulider certificação digital,santa catarina,11-50,soulider.digital
brazil,2023,ADP6DfGAVyyGcLVh5ydrmwRV54zq,information technology and services,linkedin.com/company/ds-perícias,são josé dos campos,ds perícias,são paulo,1-10,dspericias.com.br
brazil,,CBBb3j490KC7XWx5W2afog48b2Ir,information technology and services,linkedin.com/company/solutecbr,nova iguaçu,solutec,rio de janeiro,1-10,solutecbr.com
brazil,,sCyMfapBCtyPpmKRhTcoJQPjt5zT,information technology and services,linkedin.com/company/vaicom,palmas,vaicom,tocantins,1-10,vaicom.com.br
brazil,2009,bBeLZH3z3wLz6MjiaGkmqgODuTxx,information technology and services,linkedin.com/company/blooti---solu-es-tecnol-gicas,caçapava,blooti - soluções tecnológicas,são paulo,1-10,blooti.com.br
brazil,2015,qK1amdjiG1dme14BvSK5VgQ04Gsx,information technology and services,linkedin.com/company/santossolucoesti,recife,santos soluções tecnologia,pernambuco,1-10,santossolucoesti.com.br
brazil,,KgY4eVW5CeSO2lnV25NDKAQp7Uvs,information technology and services,linkedin.com/company/logistica-total,,logistica total,,1-10,logisticatotal.com.br
brazil,,wAUFLKHlZrxh2REdurJuBgHEt4e7,information technology and services,linkedin.com/company/synergye-tecnologia-da-informacao,sao paulo,synergye tecnologia da informacao,são paulo,1-10,
brazil,2014,Tygv0qevPxpCvpbqLjdjjwwK6hpx,information technology and services,linkedin.com/company/armiger-soluções-e-serviços,sao paulo,armiger soluções e serviços,são paulo,11-50,armiger.com.br
brazil,2015,YGi6NNs8v5SFkLaZ4sZpSgdZvePH,information technology and services,linkedin.com/company/connectsmartdata,porto alegre,connect smart data,rio grande do sul,11-50,connectinc.com.br
brazil,,UWVsgnHLqTj4BQpZ5VfPEwhM9xTR,information technology and services,linkedin.com/company/lenet-computadores,,lenet computadores,santa catarina,1-10,lenetcomputadores.wix.com
brazil,1998,LZqT8nBBwGEXdT2i1FPlUAeBKJin,information technology and services,linkedin.com/company/cpd-sistemas-de-inform-tica-ltda,campinas,cpd sistemas de informática ltda,são paulo,1-10,
brazil,2009,YkzQqTfNTIPcVgzSE9Cmyg5CofE5,information technology and services,linkedin.com/company/alpes-data,campinas,alpes data  - agência digital,são paulo,1-10,alpesdata.com.br
brazil,2020,GK0nO4b7NOvw8PFx0pAKbQp9GejO,information technology and services,linkedin.com/company/aitialabs,,aitialabs,são paulo,1-10,aitialabs.com.br
brazil,2010,G1nZDCnkaORrejxMA5deqg97zcBq,information technology and services,linkedin.com/company/intelectua,paraíso,intelectua,são paulo,1-10,intelectua.com.br
brazil,2018,do1J4PhRlJoPdKESrW7BhA3EyV60,information technology and services,linkedin.com/company/castanheira-viveiro-de-plantas-e-serviços,manaus,castanheira viveiro de plantas e serviços,amazonas,1-10,
brazil,2017,QiiPOLrwObFu1wCQNgRjmg7J3nvU,information technology and services,linkedin.com/company/m1project,cachoeiro de itapemirim,m1 project,espírito santo,1-10,m1project.com.br
brazil,,G0sY3mUJDySl3BuE0S99UgG3UKjD,information technology and services,linkedin.com/company/entel-do-brasil,sao paulo,entel do brasil,são paulo,1001-5000,entelbrasil.com.br
brazil,2016,P4v1enKxpuBXxTQ1diLe2wzegzVA,information technology and services,linkedin.com/company/onsizing,são sebastião do caí,onsizing,rio grande do sul,1-10,onsizing.com
brazil,,e4RCiHKTw9tDFWwTohm2BA9fJks8,information technology and services,linkedin.com/company/vantis-tecnologias-de-informacao,poá,vantis tecnologias de informacao,são paulo,1-10,
brazil,2022,69kvBTXA5RupFXqQbS0RuwPaBYiP,information technology and services,linkedin.com/company/hp-infra-engenharia-de-infraestruturas-urbanas,poços de caldas,hp infra - engenharia de infraestruturas urbanas,minas gerais,1-10,infrahp.com.br
brazil,2011,GJzGsOYLXjjvxmchEe3CRg3fRrtt,information technology and services,linkedin.com/company/blue-innovation-br,barueri,blue innovation tecnologia,são paulo,1-10,blueinnovation.com.br
brazil,2020,HJiLF98BRbwmDJ7QdAwNDQzZYie8,information technology and services,linkedin.com/company/vfti,mairiporã,vf consultoria em tecnologia,são paulo,1-10,vfti.com.br
brazil,2022,1wQkXS4dfCU6VK1Vz8sTegFozG7V,information technology and services,linkedin.com/company/embuscadovinho,vila velha,em busca do vinho,espírito santo,1-10,sommie.io
brazil,,zic5khdx2O9W39CDTRuqMwXjayUh,information technology and services,linkedin.com/company/avisis---solucoes-em-informatica,campinas,avisis - solucoes em informatica,são paulo,11-50,
brazil,2019,26GeiehCY0MxpPrXF2uM4QbYUpF1,information technology and services,linkedin.com/company/diwoapp,balneário camboriú,diwo co.,santa catarina,1-10,diwoapp.com.br
brazil,2017,3scILdWjZGUSfxN1B7RK2gnlgGN1,information technology and services,linkedin.com/company/sub-host,recanto paquito,sub host,são paulo,1-10,subhost.com.br
brazil,2020,m9PNLcCKjj1R76Hsif6MwA8kMyBN,information technology and services,linkedin.com/company/agrotech-data-center,,agrotech  global,federal district,11-50,agrotechdc.com.br
brazil,,kYfM4H5gw4hB2F2VyDlOtwirnx6T,information technology and services,linkedin.com/company/fast-courier,,fast courier,,1-10,fastcourier.com.br
brazil,1997,nsdshCBtxOuEwYHVkMURmQzoy8At,information technology and services,linkedin.com/company/bcseventos,novo hamburgo,bcs eventos,rio grande do sul,11-50,bcseventos.com.br
brazil,2020,qFipCOYGnmw7j7MwdivSOQ1XZMdT,information technology and services,linkedin.com/company/next-consultoria01,bragança paulista,"dmdata | excel , power bi & dados",são paulo,1-10,site.google.com/view/next-consultoria/página-inicial
brazil,,sV1o3x97q7rEqqWDjMCHaQNFhpbQ,information technology and services,linkedin.com/company/mxnet-telecom,,mxnet telecom,,1-10,mxnet.com.br
brazil,2018,b7Dy5vyBAVGYfHNcshUtKAXbz8WJ,information technology and services,linkedin.com/company/fred-souza-consultoria-em-t-i,itajaí,fred souza consultoria em ti,santa catarina,1-10,fredsouza.com
brazil,2012,dzeZdBiMx6OGFWzAF54Kwwg2LeCw,information technology and services,linkedin.com/company/encripta,,encripta,são paulo,51-200,encripta.com.br
brazil,,y6JQsNEAiCCGK8vEPKqG7QFtRxOe,information technology and services,linkedin.com/company/automasim,sítio d’abadia,automasim,goiás,1-10,automasim.com.br
brazil,2019,WEgggLgxsj4DLgpvmtSmNwTCCNls,information technology and services,linkedin.com/company/general-it-solutions,sao paulo,general it solutions,são paulo,11-50,generalit.com.br
brazil,2021,mJI70C8mbtDqoX36P1ElSg8euXVd,information technology and services,linkedin.com/company/konker,barueri,konker.,são paulo,11-50,konkerlabs.com
brazil,2017,auMtlCMRRpG3DBho5tq18Q2Lfayl,information technology and services,linkedin.com/company/crawly,belo horizonte,crawly,minas gerais,11-50,crawly.com.br
brazil,2022,PSvLmyCFbWsrhvCWBDAbAAMNOfAi,information technology and services,linkedin.com/company/aschoff-engenharia,recife,aschoff engenharia,pernambuco,1-10,
brazil,2011,X1cC7EQriHV8cJjOX3JJ8ApMPfTS,information technology and services,linkedin.com/company/lr-art-br,cuiabá,grupo lr art,mato grosso,1-10,lr.art.br
brazil,2022,KuXbJ3f16yjylMaqnpbw7g6dTPmX,information technology and services,linkedin.com/company/douglas-alves,contagem,douglas alves,minas gerais,1-10,
brazil,2020,2bxKgKxS4dOPZoT3AO0G4AuOde5m,information technology and services,linkedin.com/company/bakery-tech,,bakerytech,,11-50,bakerytech.com.br
brazil,1999,CC4f7V78GHAtcS59ehBupACq9M4y,information technology and services,linkedin.com/company/l&b-consulting,brasília,l&b consulting,rio grande do norte,11-50,lbconsulting.com.br
brazil,2021,04FPNcmPyUTm1KNfTKR0tgTkwmY8,information technology and services,linkedin.com/company/jacobs-serviços-industriais-ltda,anápolis,jacobs serviços industriais ltda,goiás,11-50,
brazil,1995,DzxM0wTZKlwudLjl8rDwPAUBCta1,information technology and services,linkedin.com/company/combina,votorantim,combina,são paulo,11-50,combina.com
brazil,,YZ2XeFudlU292vujODaMuAL7CTOM,information technology and services,linkedin.com/company/pagow-app,natal,pagow.app,amazonas,1-10,pagow.app
brazil,2021,lk58Spo1CspthKfhpBVBIgdLmw92,information technology and services,linkedin.com/company/mvassessoriafinanceira,londrina,mv assessoria financeira,paraná,1-10,mvassessoriafinanceira.com.br
brazil,1994,KNDoSl49HVnekSwMHbgZWQ7GleLr,information technology and services,linkedin.com/company/somasysassessoriaesistemas,passo fundo,somasys,rio grande do sul,1-10,somasys.com.br
brazil,2021,YzpWC2CpkZja0pDOViBbmQxggL5X,information technology and services,linkedin.com/company/rd31,curitiba,rd31 tecnologia,paraná,1-10,
brazil,2020,rBbdm3BfPPzof2hlzriciwlWzaGy,information technology and services,linkedin.com/company/uxetec,sorocaba,uxetec serviços em ti,são paulo,1-10,uxetec.com.br
brazil,2005,EhgzXR8moLGcyO3LWcdBOAwxKxqF,information technology and services,linkedin.com/company/hb-brasil-informatica,sao paulo,hb brasil solutions,são paulo,11-50,hbsolutions.com.br
brazil,2005,7Vpm1iRewMy22fSnQ6hidAl3e0k5,information technology and services,linkedin.com/company/jonathanlamim,vila velha,jonathan lamim negócios e soluções digitais,espírito santo,1-10,jonathanlamim.com.br
brazil,1996,8dnM3WVxILfi0kJOmJqiKAdnQrQ6,information technology and services,linkedin.com/company/idealine,brasília,idealine tecnologia e segurança,federal district,11-50,idealineweb.com.br
brazil,2020,JATaFJweU7nEC8EaBMJsGwu7Alpj,information technology and services,linkedin.com/company/lts.dcp,são carlos,lts desenvolvimento de cálculos e projetos,são paulo,1-10,
brazil,,oupAoNarJnJENTiu0jOQewrl5M1d,information technology and services,linkedin.com/company/hospedagem,jundiaí,hospedagem,são paulo,1-10,hospedagem.srv.br
brazil,,bCoSKEH5Dwl0C6AT8ZNrRw3Ig5o2,information technology and services,linkedin.com/company/playcell-barretos,barretos,playcell barretos,são paulo,1-10,playcellbarretos.com.br
brazil,,1VXzP4xYouSAa7kUbz3f2w0hQeal,information technology and services,linkedin.com/company/infotec-sistemas-&-soluções,cachoeiro de itapemirim,infotec sistemas & soluções,espírito santo,1-10,sistemasinfotec.com.br
brazil,2017,qaRhe1MvJeD4R1CPlBNZnAWvEc0S,information technology and services,linkedin.com/company/ti-varejo,,ti varejo,rio de janeiro,1-10,tivarejo.com.br
brazil,,2butEt0P72q1OKSM7er0bQMkiZ2p,information technology and services,linkedin.com/company/brwifi,paulo,br-wifi connectivity solution,amapá,11-50,brwifi.net
brazil,,JN9Mz9OpJqmI4ogIQt3NJwt7rtlv,information technology and services,linkedin.com/company/propus-informatica,porto alegre,propus informatica,rio grande do sul,1-10,
brazil,2005,2SHij4XcRN0EvoEU6MCDQQh1kdGZ,information technology and services,linkedin.com/company/uplexis,,uplexis,são paulo,51-200,uplexis.com.br
brazil,2005,UrVkHdhuAUpLOH4l4YrIeQNOoCbJ,information technology and services,linkedin.com/company/grupofnx,são caetano do sul,grupo fnx,são paulo,11-50,grupofnx.com.br
brazil,2017,o8zgiS2lP7YG8leBeigVbAZsRahZ,information technology and services,linkedin.com/company/credense-serviços-e-certificação-digital,cajazeiras,credense serviços e certificação digital,paraíba,1-10,credensecertificados.com.br
brazil,2005,BOJbRCXBuWcKovO2LP3rTwL417aQ,information technology and services,linkedin.com/company/cais-network,fortaleza,cais network,ceará,11-50,caisnetwork.com.br
brazil,2020,GnSy1ikzavpOhIJn7nFY0guR6fcn,information technology and services,linkedin.com/company/facode,belo horizonte,fa code,minas gerais,1-10,facode.com.br
brazil,2020,KipMfwfvXcZd10DzUaktYQqnVCfo,information technology and services,linkedin.com/company/quantikware,,quantikware,rio de janeiro,1-10,quantikware.com.br
brazil,,BIJyuHMejRap10qCwfFvQQeskvFh,information technology and services,linkedin.com/company/caminh-es-e-carretas,curitiba,caminhões e carretas,paraná,11-50,caminhoesecarretas.com.br
brazil,1998,skAaqoCCBu9BPxb8yVXkOAfO7Wpd,information technology and services,linkedin.com/company/qtec---soluções-para-a-indústria,belo horizonte,qtec - soluções para a indústria,minas gerais,1-10,qtec.com.br
brazil,,Tx8g9KBJk961tGEhQk6SggsZ7Kk4,information technology and services,linkedin.com/company/grupometrica,pilar do sul,grupo métrica,são paulo,11-50,grupometrica.com.br
brazil,,cKcSCoI5uBcMkGuOPayhtgvxdiIC,information technology and services,linkedin.com/company/jdcell-assistência-celular-e-tablet,itabuna,jdcell assistência celular e tablet,bahia,1-10,jdcellassistenciatecnica.negocio.site
brazil,2021,H2Kpec9HUHUSuSyQmBxyGQTZApTW,information technology and services,linkedin.com/company/sato-consult-ti,campo bom,sato consult ti,rio grande do sul,1-10,satoconsultti.com.br
brazil,,1vCKjjuzkj6xvrIIG1dJPwz0ebTf,information technology and services,linkedin.com/company/duall-tech,recife,duall tech,pernambuco,1-10,dualltech.com
brazil,2019,x5MaMbnACBmATZ8gGCF83ALUHYtq,information technology and services,linkedin.com/company/dac-data-analytics-culture,águas claras,dac - data analytics culture,santa catarina,1-10,dataanalyticsculture.com
brazil,2015,ToKqS4yn0cHp0VPZEzKYlwFO1G4B,information technology and services,linkedin.com/company/corvostecnologia,,corvos tecnologia,são paulo,1-10,corvostecnologia.com.br
brazil,2019,BPQ5ztqMedZyXeBeYtQotgLxlPvr,information technology and services,linkedin.com/company/smartrentdigital,,smartrent digital,são paulo,201-500,smartrent.digital
brazil,,w3DM6yWYxEVepX9W7Dv1AQCCeglq,information technology and services,linkedin.com/company/canal-da-informática,,canal da informática,são paulo,1-10,canaldainformatica.com
brazil,2014,TamEvJe9x1X0tpc5eKofDQbFeEvB,information technology and services,linkedin.com/company/cezarrodrigues-engenharia-condominial,sao paulo,cezar rodrigues engenharia,são paulo,1-10,cezarrodrigueseng.wixsite.com/engenharia-civil
brazil,,R0G2UXfBUSPftBQMsWB3bAZ5hOz8,information technology and services,linkedin.com/company/vertical-nordeste,maceió,vertical nordeste,alagoas,1-10,verticalnordeste.com.br
brazil,2008,EvBk2wEEbanOC26DiftZpgDDPGUB,information technology and services,linkedin.com/company/dritec-inform-tica,anil,dritec soluções em ti,rio de janeiro,11-50,dritec.com.br
brazil,2013,RkBZBI9QXYZFLsw6IVuGUQTrPCce,information technology and services,linkedin.com/company/mabez,erechim,mabez,rio grande do sul,1-10,mabez.com.br
brazil,2006,7IZk6AYawSJSLSQIKMsA1AONtA1g,information technology and services,linkedin.com/company/hproinformatica,piracicaba,hpro – soluções de ti para gestão corporativa,são paulo,11-50,hpro.com.br
brazil,2020,o2NhhoHttPzoCIcZ0RoNywfBx71U,information technology and services,linkedin.com/company/hackoonspace,ribeiro dos santos,hackoonspace,são paulo,11-50,hackoonspace.com
brazil,,zkeeviE7aRq1nD7PlCCsoQ6r4yRj,information technology and services,linkedin.com/company/cpc-informatica,sao paulo,cpc informatica,são paulo,1-10,cpc.com.br
brazil,2016,y1iMDDcSNGKjWXroAKGLJg4sijcu,information technology and services,linkedin.com/company/mobdatatech,,mobdata,rio de janeiro,1-10,mobdata.com.br
brazil,2013,KzjtZTUDS5Sk17Zhhjq69Q34LTnd,information technology and services,linkedin.com/company/rastreador-esportivos,,rastreador esportivos 400-33449,,11-50,rastreadoresportivos.com.br
brazil,2010,ZpjYm8rhJ3Q1QITtKaIeuQFngqO7,information technology and services,linkedin.com/company/aconect-tecnologia,sao paulo,aconect tecnologia,são paulo,11-50,aconect.com.br
brazil,,FUykMjtBoLkY9UAQXjiqUAygV447,information technology and services,linkedin.com/company/infor-eletronicos-sao-lourenco,são lourenço,infor eletronicos sao lourenco,minas gerais,1-10,infor-eletronicos-sao-lourenco.negocio.site
brazil,2018,A41C0ZIBC2MAqzdWpe49jgZ7ZBhR,information technology and services,linkedin.com/company/scansec,sao paulo,scansec,são paulo,11-50,scansec.com.br
brazil,,1KAoG8g6IDTfJ3XPDEesaAY9G0ok,information technology and services,linkedin.com/company/solução-certificado-digital,paranaíba,solução certificado digital,mato grosso do sul,1-10,solucaocertificado.com.br
brazil,2017,xP5UUKbxVXahSmw2bmI4OwLYZvnE,information technology and services,linkedin.com/company/abria-oficial,jardim américa,abria - associação brasileira de inteligência artificial,são paulo,1-10,abria.com.br
brazil,2005,bAzqKQkW6JRcx1mcS3nQVgD4lKD9,information technology and services,linkedin.com/company/sensum-sistemas,itajaí,sensum sistemas,santa catarina,11-50,sensum.inf.br
brazil,2002,0eP3kSeCHBSrRRJi0aFnxwT0pSGV,information technology and services,linkedin.com/company/work-system-technology,porto alegre,work system technology,rio grande do sul,11-50,workst.com.br
brazil,2015,vNyKmHFcyWceKj1px6dvpwwU8dTF,information technology and services,linkedin.com/company/sad-digital,barra mansa,sad digital,rio de janeiro,1-10,saddigital.com.br
brazil,,bWdsPQrBs2Mu5wuoVoKS8gtHpnWZ,information technology and services,linkedin.com/company/solomon-br,mujuí dos campos,solomon,pará,1-10,solomon.com.br
brazil,1970,t14rhCM8KlKz9QHTy7XRLgYsvva3,information technology and services,linkedin.com/company/prodest,vitória,"prodest (instituto de tecnologia, informação e comunicação do espírito santo)",espírito santo,201-500,
brazil,2020,6agNiw0nnD5NCg0R0B7wtwDXCsxZ,information technology and services,linkedin.com/company/arapaima-artificial-intelligence,manaus,arapaima artificial intelligence,amazonas,1-10,
brazil,,rhPrNZmEXBUwwWf6awQevQAvS7Dn,information technology and services,linkedin.com/company/simplex-smx-tecnologia-da-informa-o,,simplex smx tecnologia da informação,são paulo,51-200,smxti.com.br
brazil,,o4UK0dl48evJkLY8zGxwAgjD1fA5,information technology and services,linkedin.com/company/absti-solu-es-em-tecnologia-da-informa-o,casa branca,absti soluções em tecnologia da informação,são paulo,1-10,absti.com.br
brazil,2013,58LaQeTLDiqGwgvfcCC53A39o1PI,information technology and services,linkedin.com/company/df-ambiental-consultoria-e-engenharia,paranaguá,df ambiental - consultoria e projetos ambientais,paraná,11-50,dfambientalpr.com.br
brazil,,AmQMOOD0CLEQTfuMvL5BXQHmLu62,information technology and services,linkedin.com/company/xrobo,,xrobô,são paulo,1-10,xrobo.com.br
brazil,2014,6RepcYJYmICBprptEXf70AWG1Kyt,information technology and services,linkedin.com/company/icollectfigures,salvador,icollect,bahia,1-10,icollect.com.br
brazil,2016,JLlMCE17G6cyQpaYOKpXDghw76YK,information technology and services,linkedin.com/company/virtsolucoes,joão pessoa,virt soluções treinamentos e consultoria,paraíba,1-10,
brazil,,Aoc07Ta1HCjfSdCbOv4liQTouQHz,information technology and services,linkedin.com/company/totalinfo,rio de janeiro,total info - soluções em informatica,rio de janeiro,1-10,totalinforj.com.br
brazil,2015,O6QGl4oDVqxybqjUc5h36wtoDYRT,information technology and services,linkedin.com/company/proton-software,lorena,proton software,são paulo,1-10,protonsoftware.com.br
brazil,2015,HBgBVRvL0LKwbbZnBhwM7Q31uPOE,information technology and services,linkedin.com/company/wt9-ai,sao paulo,wt9 tecnologia&marketing digital,são paulo,1-10,wt9.com.br
brazil,,no6igSFYoxhRYyVyhspAgg1ydzFB,information technology and services,linkedin.com/company/wtb-tecnologia,brasília,wtb tecnologia,federal district,1-10,
brazil,,ZpQarBnczNu1qsW5t3EBYgcmo0ox,information technology and services,linkedin.com/company/jpupin,,jpupin,,1-10,jpupin.com.br
brazil,2011,t2bV6OUKKzeXXEumulCyFgGz74aY,information technology and services,linkedin.com/company/uoldiveo,,uoldiveo,são paulo,1001-5000,uoldiveo.com.br
brazil,2004,BGeTqdUCGZmxw4p8l4n2BAG4ODbX,information technology and services,linkedin.com/company/redtecnologia,curitiba,redti tecnologia,paraná,11-50,redti.com.br
brazil,2016,ZstePdUFqyJqfbyajbXB2gpNZIBH,information technology and services,linkedin.com/company/plughme,londrina,plugh.me,paraná,1-10,plugh.me
brazil,,RJQYdhiFcY8zmQPU0piznAw9kmNG,information technology and services,linkedin.com/company/kobit-tec,brusque,kobit,santa catarina,1-10,kobit.com.br
brazil,2015,LzYo5TwCiLmomwYt6rC2dQ0hWRKq,information technology and services,linkedin.com/company/athena-engenharia-e-soluções-imobiliárias,bom pastor,athena engenharia e soluções imobiliárias,pernambuco,11-50,
brazil,2020,I2p3GVRBVaAsgdiO3aOH0QzxKR4J,information technology and services,linkedin.com/company/datazoe,curitiba,data zoe,paraná,1-10,
brazil,1998,nCRLLECo6pJBfUiAAb8S2gVxjfYP,information technology and services,linkedin.com/company/ws-technology-wsit-com-br-,maceió,ws it,alagoas,11-50,wsit.com.br
brazil,2001,gjNcLnatNtYTCEn28ph8GwEKMfKR,information technology and services,linkedin.com/company/viaflow,,viaflow®,,51-200,viaflow.com.br
brazil,2010,GuQ8vGb2o5GNOG7wmscwpAQ0aDgC,information technology and services,linkedin.com/company/atgb-sistemas-integrados,campinas,atgb sistemas integrados,são paulo,51-200,atgbsistemas.com.br
brazil,,dkWUfcAZPPt0HnseMQP6lwDlaBBH,information technology and services,linkedin.com/company/vertice-automatrix,carapicuíba,vertice automatrix,são paulo,1-10,verticeautomatrix.com.br
brazil,2023,7lBDBNR3sDqTFFcXFOTWewv9PNY5,information technology and services,linkedin.com/company/i-m-geotech,,i&m geotech,são paulo,1-10,youtube.com/channel/ucjaepw5ibflcr3wcj4uxggw
brazil,2015,i226YW3kGjIQd1ZTuScbhweroEXr,information technology and services,linkedin.com/company/volts,belo horizonte,volts,minas gerais,1-10,darkit.com.br
brazil,2014,CHVGBS3AR77mxetL5qDCoQQcHjHG,information technology and services,linkedin.com/company/qamba-tech,salvador,qamba!,bahia,1-10,qamba.com.br
brazil,2016,kapNreVmYRdU3maWgZOXCQQUG31s,information technology and services,linkedin.com/company/iclip,,iclip,são paulo,1-10,iclip.com.br
brazil,2009,tpS07K58vWEUS1izUSRTFQ8FD0TF,information technology and services,linkedin.com/company/bevilasuporte,uberaba,bevilasuporte,minas gerais,1-10,bevilasuporte.com.br
brazil,2017,elIaPMsjYGQrSuP2NIB4WgJ89Awu,information technology and services,linkedin.com/company/next-provedores,santa rita do sapucaí,next provedores,minas gerais,1-10,nextprovedores.com.br
brazil,,7qHCC8n0Bz8ocNlhVbnEcwy11Kp2,information technology and services,linkedin.com/company/live-on-ti---serviços-gerenciados,ribeirao preto,live on ti - serviços gerenciados,são paulo,1-10,liveonti.com.br
brazil,,Dl8xFgQWJsqR3PuErX5L5Q2rQ5N1,information technology and services,linkedin.com/company/tech-chip,parque estoril,tech chip,são paulo,1-10,tech-chip.negocio.site
brazil,,dGj01YYtBDMW0hhmsIpXOQgUOlZI,information technology and services,linkedin.com/company/beta-consulting-servicos-de-informatica,santana de parnaíba,beta consulting servicos de informatica,são paulo,1-10,
brazil,2022,BLujk3siN4kXb07nLPq0Vw2kCQTf,information technology and services,linkedin.com/company/performance-indicator,,performance indicator,são paulo,1-10,linktr.ee/performanceindicator
brazil,,tvphlo1y0GbeKX6vq2oDHwI97CLV,information technology and services,linkedin.com/company/org-info---caxias-do-sul,caxias do sul,org info - caxias do sul,rio grande do sul,1-10,orginfo.com.br
brazil,2015,ZVDXCN7hwsLdkTS36T8S0gb5yGvi,information technology and services,linkedin.com/company/sociedadedeinvestidores,jaboatão dos guararapes,sociedade de investidores,pernambuco,1-10,sociedadedeinvestidores.com
brazil,2011,rIBg3nI5s0UXhZQ0ONn6GwfVno7J,information technology and services,linkedin.com/company/nexcoreoficial,curitiba,nexcore tecnologia,paraná,1001-5000,nexcore.com.br
brazil,2020,ztU6obCmmchUT1z5FIoyeA8FxvX2,information technology and services,linkedin.com/company/smartwebsistemas,guarulhos,smart web sistemas inteligentes ltda,são paulo,1-10,smartwebsistemas.com.br
brazil,2014,TN0XwpQFcATbho6nX3CGegj9wviF,information technology and services,linkedin.com/company/resolvium-cybercrimes-investigations,,resolvium cybercrimes investigations,são paulo,1-10,
brazil,,CrqmhFXSwiDzKzJvisISCA6jWMka,information technology and services,linkedin.com/company/opção-tech-informática,fortaleza,opção tech informática,ceará,1-10,opcaotechinformatica.com.br
brazil,2020,Ige3XjuUpWWXxT65XLCpGwsTaIpJ,information technology and services,linkedin.com/company/nomidhq,,nomid / mdm,são paulo,11-50,nomidmdm.com
brazil,2019,QSSXrDzsQkhwI3rkPJTx7Akijnsy,information technology and services,linkedin.com/company/dz7bits,guarulhos,dz7bits,são paulo,1-10,dz7bits.com.br
brazil,2018,88Zk1DDssyfIcL77FcsuSQsO0YmN,information technology and services,linkedin.com/company/legal-hackers-londrina,londrina,legal hackers londrina,paraná,11-50,facebook.com/legalhackers.ldb
brazil,2001,x6T14DHtCIgkdaGWUlun5wPVXNxO,information technology and services,linkedin.com/company/sohlus-developers-technology,sao paulo,sohlus developers technology,são paulo,1-10,sohlus.com.br
brazil,,AyqmTEGQFIPKndNrFXTDbwYCA4a4,information technology and services,linkedin.com/company/landtech-informática,centro,landtech informática,rio grande do sul,1-10,landtechinfo.com
brazil,2015,fX4VjDvO2F2Ht2fsMKD9gAipeFwG,information technology and services,linkedin.com/company/first-ti-professional-services,,first ti professional services,são paulo,51-200,firstti.com.br
brazil,2006,awYeU0sRb8zaHlBfAGev4QkaoOWq,information technology and services,linkedin.com/company/isbiz-consultoria-em-informatica-ltda,curitiba,isbiz consulting,paraná,11-50,isbiz.com.br
brazil,1995,yk1LIAX3bvCDRs6KRNBVCwc2ElQh,information technology and services,linkedin.com/company/grupo-ease,tavares,grupo ease,são paulo,11-50,grupoease.com.br
brazil,,hmhRyExPErCIO05pRy1XWAIAn7VK,information technology and services,linkedin.com/company/ae-sistemas,serra,ae sistemas,espírito santo,11-50,
brazil,2019,GsqaMi9PgYs1oRRZNJjnNQS6pkFS,information technology and services,linkedin.com/company/workcom-tecnologia,sao paulo,workcom tecnologia,são paulo,1-10,workcomtecnologia.com.br
brazil,,SGsRGWfAFoOAcCvORaBizQhtNSZv,information technology and services,linkedin.com/company/applessbot,,appless • limitless communication,são paulo,1-10,appless.com.br
brazil,2000,aCRNmlT3EoC3RVeMq4840QwwrgkD,information technology and services,linkedin.com/company/tehoconecta,,teho conecta - canal homologado totvs,são paulo,11-50,tehoconecta.com.br
brazil,2014,QoKXBskEA4CBipo166KnRQdRSQht,information technology and services,linkedin.com/company/kyoeitec,curitiba,kyoeitec,paraná,1-10,renatokyoei.wixsite.com/kyoeitec
brazil,,Cgere0aAN8WSRjnyMJt6xQrP0YLm,information technology and services,linkedin.com/company/thl-informatica,sao paulo,thl informatica,são paulo,1-10,colegiodiaslemos.com.br
brazil,2007,SyglSQXbPLigCkhZtxYWzQi4hIpC,information technology and services,linkedin.com/company/iduff,niterói,iduff,rio de janeiro,11-50,ntp.uff.br
brazil,2014,K7B27KK77K3s7KXMtYigrg3kHk4D,information technology and services,linkedin.com/company/futuring-brazil,goiania,futuring,goiás,1-10,futuring.com.br
brazil,,toQMOvbZ2sA9VXwf2EjT7wfhO3Ji,information technology and services,linkedin.com/company/aspinbots,porto alegre,aspinbots,rio grande do sul,11-50,aspinbots.com.br
brazil,2016,MYc9MaS6nSjq6MS1wpJ0PwJDxb9X,information technology and services,linkedin.com/company/real-networking,porto alegre,real networking,rio grande do sul,1-10,realnetworking.co
brazil,,oybemykAuzr9F1BOrKCtdwKvAqrf,information technology and services,linkedin.com/company/wjtechinfo,,wj-techinfo,rio de janeiro,1-10,wjtechinfo.com.br
brazil,2021,zqJ97Ln8F0ujNGcNCqBQoAHsb44y,information technology and services,linkedin.com/company/aprimora-soluções-em-eletricidade,cascavel,aprimora soluções em eletricidade,paraná,1-10,aprimoraeletricidade.wixsite.com/aprimora-2
brazil,,wXXy8DYhyV5Bw13hj97A3QSsfpCG,information technology and services,linkedin.com/company/romep-relógio-de-ponto,são josé do norte,romep relógio de ponto,rio grande do sul,1-10,
brazil,1997,Sx9PgCzFcXzcFmSCUPMgBgqT7h1G,information technology and services,linkedin.com/company/bitgraph-inform-tica,sao paulo,bitgraph informática,são paulo,1-10,bitgraph.com.br
brazil,,DaKdKh7JOnBMO6Gd764CCAjHAGKs,information technology and services,linkedin.com/company/dnaconsulty,governador valadares,dna consulty,minas gerais,1-10,dnaconsulty.com.br
brazil,,hRTJ9CQxBLQFQEAgh9uz0Q7HZ3pj,information technology and services,linkedin.com/company/mb-perfurações,piçarras,mb perfurações,santa catarina,1-10,
brazil,,jOJIPfOBSsf7HrCPbIzaoQ6wtsS2,information technology and services,linkedin.com/company/find-software,,find software,,1-10,findsoftware.com.br
brazil,2016,vBGNk9M415Hqc1628BpGbwymYTpS,information technology and services,linkedin.com/company/kaytris-consulting-&-system-development,paulo,kaytris consulting & system development,maranhão,1-10,kaytris.com.br
brazil,2023,dC2Bt4BerheiP315SDMo3ADWA6yz,information technology and services,linkedin.com/company/iatros-systems,campinas,iatros systems,são paulo,1-10,iatros.systems
brazil,2005,V51xcCNYjwgrm8PKLdbcpA1YH0Nc,information technology and services,linkedin.com/company/sa-da-de-emerg-ncia---computing-&-science,,saída de emergência - computing & science *parceiro google cloud e gsuite,são paulo,1-10,
brazil,,4C6ICFaj1LqHKbkB9VLT5AduxCYl,information technology and services,linkedin.com/company/rizzit-tecnologia,padre andré,rizzit tecnologia,são paulo,1-10,rizzit.com.br
brazil,2008,PBdeGtKXLntQeXWzyX23EAk5VLGv,information technology and services,linkedin.com/company/santiago-&-cintra-consultoria,,sccon,são paulo,51-200,sccon.com.br
brazil,,nbSejx67onKBcalmc2nt4AOcpQhr,information technology and services,linkedin.com/company/trestin-&-cisotto-servicos-de-informatica-e-multimidia,sao paulo,trestin & cisotto servicos de informatica e multimidia,são paulo,1-10,
brazil,,aDwu1GSmDXwmMACUXM5BSwd48w4z,information technology and services,linkedin.com/company/dk-data-sistemas,,dk data sistemas,,1-10,dkdata.com.br
brazil,2018,ZSLh6MUcFq4VtbQuQses8AKL3xCQ,information technology and services,linkedin.com/company/almeplan-engenharia-e-arquitetura,recife,almeplan engenharia e arquitetura,pernambuco,1-10,almeplaengenharia.com.br
brazil,,Ri0QT0oRHDeLDBTzjrPrYw36xBfA,information technology and services,linkedin.com/company/controle-net,,controle net,são paulo,1-10,
brazil,2012,wE73al0Sg6Opveue1CrSrgdc0mJa,information technology and services,linkedin.com/company/empresa-na-net,manaus,empresa na net,amazonas,1-10,empresananet.com.br
brazil,,PzrSJe3YYYKLKbgF4RRlgAdJymtn,information technology and services,linkedin.com/company/thyago-informática,são félix do piauí,thyago informática,piauí,1-10,thyago-informatica.negocio.site
